series,scenario,seed,lattice,wander,tau_d,cyc_h,Twake,sigma,pRevert,revStore,oxyRev,wound_start_h,wound_freq_h,wound_size,wounds_inflicted,stop_threshold,check_every_h,wounding_stops_on_threshold,clone_established_at_h,target_hours,elapsed_h,final_clone_size,final_cells_total,final_density,final_clone_frac,final_burden,rev_total,rev_lost,rev_oxy_death,starve_total,shed_total,div_total
S0,none,2,76x79,0,6.0,15.0,1.08,0.85,0.001,0.33,0.4,,,,0,500,24.0,False,,20000,20000.0,6,3296,0.5489673550966022,0.0018203883495145632,15,474,193,3597,42802,457535,455020
S0,none,4,76x79,0,6.0,15.0,1.08,0.85,0.001,0.33,0.4,,,,0,500,24.0,False,,20000,20000.0,2,3322,0.5532978014656895,0.0006020469596628537,6,439,383,5762,44691,461730,459431
S0,none,1,76x79,0,6.0,15.0,1.08,0.85,0.001,0.33,0.4,,,,0,500,24.0,False,,20000,20000.0,1,3266,0.5439706862091939,0.0003061849357011635,1,441,265,3976,43387,458906,456433
S0,none,0,76x79,0,6.0,15.0,1.08,0.85,0.001,0.33,0.4,,,,0,500,24.0,False,,20000,20000.0,0,3305,0.5504663557628248,0.0,0,460,335,4892,43831,459164,456800
S0,none,3,76x79,0,6.0,15.0,1.08,0.85,0.001,0.33,0.4,,,,0,500,24.0,False,,20000,20000.0,0,3436,0.5722851432378414,0.0,0,454,408,5350,44100,460202,458042
S0,none,1,76x79,0,6.0,15.0,1.08,0.85,0.001,0.33,1.0,,,,0,500,24.0,False,1272.0,20000,20000.0,3382,3382,0.5632911392405063,1.0,3377,32,2548,0,362840,395069,394995
S0,none,2,76x79,0,6.0,15.0,1.08,0.85,0.001,0.33,1.0,,,,0,500,24.0,False,1032.0,20000,20000.0,3334,3334,0.5552964690206529,1.0,3331,22,2400,0,367271,397096,396826
S0,none,0,76x79,0,6.0,15.0,1.08,0.85,0.001,0.33,1.0,,,,0,500,24.0,False,912.0,20000,20000.0,3353,3353,0.5584610259826782,1.0,3348,28,2562,0,369504,394315,394226
S0,none,4,76x79,0,6.0,15.0,1.08,0.85,0.001,0.33,1.0,,,,0,500,24.0,False,792.0,20000,20000.0,3361,3361,0.5597934710193204,1.0,3351,24,2042,0,359400,381401,380800
S0,none,3,76x79,0,6.0,15.0,1.08,0.85,0.001,0.33,1.0,,,,0,500,24.0,False,1152.0,20000,20000.0,3314,3314,0.5519653564290473,1.0,3301,24,2459,0,367093,394833,394602
