run_id,scenario,seed,tau_d,cyc_h,Twake,sigma,pRevert,revStore,oxyRev,wound_start_h,wound_freq_h,wound_size,wounds_inflicted,stop_threshold,check_every_h,wounding_stops_on_threshold,clone_established_at_h,target_hours,elapsed_h,final_clone_size,final_cells_total,final_density,final_clone_frac,final_burden,rev_total,rev_lost,rev_oxy_death,shed_total,div_total
3,none,3,6.0,15.0,1.08,0.85,0.001,0.33,1.0,,,,0,500,24.0,False,1152.0,20000,20000.0,3314,3314,0.5519653564290473,1.0,3301,24,2459,0,394833,394602
12,none,12,6.0,15.0,1.08,0.85,0.001,0.33,1.0,,,,0,500,24.0,False,888.0,20000,20000.0,3354,3354,0.5586275816122585,1.0,3340,29,2520,0,392902,392772
9,none,9,6.0,15.0,1.08,0.85,0.001,0.33,1.0,,,,0,500,24.0,False,1032.0,20000,20000.0,3379,3379,0.5627914723517655,1.0,3369,28,2403,0,393877,393655
8,none,8,6.0,15.0,1.08,0.85,0.001,0.33,1.0,,,,0,500,24.0,False,1056.0,20000,20000.0,3373,3373,0.5617921385742838,1.0,3371,23,2062,0,389726,389157
11,none,11,6.0,15.0,1.08,0.85,0.001,0.33,1.0,,,,0,500,24.0,False,672.0,20000,20000.0,3354,3354,0.5586275816122585,1.0,3348,19,1915,0,369135,368400
1,none,1,6.0,15.0,1.08,0.85,0.001,0.33,1.0,,,,0,500,24.0,False,1272.0,20000,20000.0,3382,3382,0.5632911392405063,1.0,3377,32,2548,0,395069,394995
14,none,14,6.0,15.0,1.08,0.85,0.001,0.33,1.0,,,,0,500,24.0,False,1440.0,20000,20000.0,3348,3348,0.5576282478347768,1.0,3335,24,2343,0,393589,393276
2,none,2,6.0,15.0,1.08,0.85,0.001,0.33,1.0,,,,0,500,24.0,False,1032.0,20000,20000.0,3334,3334,0.5552964690206529,1.0,3331,22,2400,0,397096,396826
13,none,13,6.0,15.0,1.08,0.85,0.001,0.33,1.0,,,,0,500,24.0,False,840.0,20000,20000.0,3349,3349,0.5577948034643571,1.0,3349,13,2529,0,395633,395507
5,none,5,6.0,15.0,1.08,0.85,0.001,0.33,1.0,,,,0,500,24.0,False,888.0,20000,20000.0,3333,3333,0.5551299133910726,1.0,3320,19,2729,0,396277,396335
7,none,7,6.0,15.0,1.08,0.85,0.001,0.33,1.0,,,,0,500,24.0,False,984.0,20000,20000.0,3357,3357,0.5591272485009994,1.0,3349,29,2209,0,382564,382126
15,none,15,6.0,15.0,1.08,0.85,0.001,0.33,1.0,,,,0,500,24.0,False,864.0,20000,20000.0,3358,3358,0.5592938041305796,1.0,3353,21,2348,0,390132,389834
6,none,6,6.0,15.0,1.08,0.85,0.001,0.33,1.0,,,,0,500,24.0,False,1440.0,20000,20000.0,3328,3328,0.5542971352431713,1.0,3327,33,2364,0,390536,390224
4,none,4,6.0,15.0,1.08,0.85,0.001,0.33,1.0,,,,0,500,24.0,False,792.0,20000,20000.0,3361,3361,0.5597934710193204,1.0,3351,24,2042,0,381401,380800
0,none,0,6.0,15.0,1.08,0.85,0.001,0.33,1.0,,,,0,500,24.0,False,912.0,20000,20000.0,3353,3353,0.5584610259826782,1.0,3348,28,2562,0,394315,394226
10,none,10,6.0,15.0,1.08,0.85,0.001,0.33,1.0,,,,0,500,24.0,False,1104.0,20000,20000.0,3334,3334,0.5552964690206529,1.0,3323,27,2500,0,395425,395255
23,none,23,6.0,15.0,1.08,0.85,0.001,0.33,1.0,,,,0,500,24.0,False,1128.0,20000,20000.0,3320,3320,0.5529646902065289,1.0,3315,32,2036,0,385209,384561
19,none,19,6.0,15.0,1.08,0.85,0.001,0.33,1.0,,,,0,500,24.0,False,792.0,20000,20000.0,3347,3347,0.5574616922051966,1.0,3342,20,2392,0,395226,394961
26,none,26,6.0,15.0,1.08,0.85,0.001,0.33,1.0,,,,0,500,24.0,False,960.0,20000,20000.0,3360,3360,0.5596269153897402,1.0,3356,28,2270,0,387713,387339
29,none,29,6.0,15.0,1.08,0.85,0.001,0.33,1.0,,,,0,500,24.0,False,1248.0,20000,20000.0,3343,3343,0.5567954696868754,1.0,3337,22,2172,0,388627,388138
18,none,18,6.0,15.0,1.08,0.85,0.001,0.33,1.0,,,,0,500,24.0,False,1104.0,20000,20000.0,3312,3312,0.5516322451698867,1.0,3307,20,2063,0,384065,383436
21,none,21,6.0,15.0,1.08,0.85,0.001,0.33,1.0,,,,0,500,24.0,False,1008.0,20000,20000.0,3282,3282,0.5466355762824784,1.0,3271,39,2456,0,399875,399609
25,none,25,6.0,15.0,1.08,0.85,0.001,0.33,1.0,,,,0,500,24.0,False,864.0,20000,20000.0,3340,3340,0.5562958027981346,1.0,3333,26,2302,0,404284,403922
17,none,17,6.0,15.0,1.08,0.85,0.001,0.33,1.0,,,,0,500,24.0,False,936.0,20000,20000.0,3340,3340,0.5562958027981346,1.0,3329,28,2430,0,391114,390880
24,none,24,6.0,15.0,1.08,0.85,0.001,0.33,1.0,,,,0,500,24.0,False,792.0,20000,20000.0,3328,3328,0.5542971352431713,1.0,3324,22,2407,0,385440,385171
16,none,16,6.0,15.0,1.08,0.85,0.001,0.33,1.0,,,,0,500,24.0,False,840.0,20000,20000.0,3346,3346,0.5572951365756162,1.0,3342,18,2320,0,389371,389033
28,none,28,6.0,15.0,1.08,0.85,0.001,0.33,1.0,,,,0,500,24.0,False,960.0,20000,20000.0,3382,3382,0.5632911392405063,1.0,3372,30,2519,0,392848,392745
31,none,31,6.0,15.0,1.08,0.85,0.001,0.33,1.0,,,,0,500,24.0,False,840.0,20000,20000.0,3341,3341,0.5564623584277149,1.0,3334,16,2430,0,386589,386356
30,none,30,6.0,15.0,1.08,0.85,0.001,0.33,1.0,,,,0,500,24.0,False,1080.0,20000,20000.0,3333,3333,0.5551299133910726,1.0,3330,28,2142,0,382732,382203
27,none,27,6.0,15.0,1.08,0.85,0.001,0.33,1.0,,,,0,500,24.0,False,888.0,20000,20000.0,3359,3359,0.5594603597601598,1.0,3353,25,2407,0,391496,391258
22,none,22,6.0,15.0,1.08,0.85,0.001,0.33,1.0,,,,0,500,24.0,False,768.0,20000,20000.0,3329,3329,0.5544636908727515,1.0,3323,24,2128,0,389618,389071
20,none,20,6.0,15.0,1.08,0.85,0.001,0.33,1.0,,,,0,500,24.0,False,1152.0,20000,20000.0,3342,3342,0.5566289140572951,1.0,3338,27,2302,0,394743,394383
35,none,35,6.0,15.0,1.08,0.85,0.001,0.33,1.0,,,,0,500,24.0,False,984.0,20000,20000.0,3324,3324,0.5536309127248501,1.0,3315,24,2224,0,382150,381694
39,none,39,6.0,15.0,1.08,0.85,0.001,0.33,1.0,,,,0,500,24.0,False,984.0,20000,20000.0,3338,3338,0.555962691538974,1.0,3328,27,2655,0,402069,402058
41,none,41,6.0,15.0,1.08,0.85,0.001,0.33,1.0,,,,0,500,24.0,False,1152.0,20000,20000.0,3380,3380,0.5629580279813458,1.0,3375,24,2503,0,395051,394930
34,none,34,6.0,15.0,1.08,0.85,0.001,0.33,1.0,,,,0,500,24.0,False,792.0,20000,20000.0,3367,3367,0.5607928047968022,1.0,3359,30,2227,0,385512,385102
40,none,40,6.0,15.0,1.08,0.85,0.001,0.33,1.0,,,,0,500,24.0,False,960.0,20000,20000.0,3335,3335,0.5554630246502332,1.0,3325,27,2704,0,400219,400254
46,none,46,6.0,15.0,1.08,0.85,0.001,0.33,1.0,,,,0,500,24.0,False,1056.0,20000,20000.0,3377,3377,0.5624583610926049,1.0,3374,26,2249,0,385969,385591
42,none,42,6.0,15.0,1.08,0.85,0.001,0.33,1.0,,,,0,500,24.0,False,960.0,20000,20000.0,3326,3326,0.5539640239840107,1.0,3319,19,2520,0,400302,400144
47,none,47,6.0,15.0,1.08,0.85,0.001,0.33,1.0,,,,0,500,24.0,False,1128.0,20000,20000.0,3304,3304,0.5502998001332445,1.0,3297,29,2260,0,390629,390189
32,none,32,6.0,15.0,1.08,0.85,0.001,0.33,1.0,,,,0,500,24.0,False,936.0,20000,20000.0,3328,3328,0.5542971352431713,1.0,3326,18,2236,0,386655,386215
45,none,45,6.0,15.0,1.08,0.85,0.001,0.33,1.0,,,,0,500,24.0,False,624.0,20000,20000.0,3363,3363,0.560126582278481,1.0,3357,27,2151,0,382469,381979
38,none,38,6.0,15.0,1.08,0.85,0.001,0.33,1.0,,,,0,500,24.0,False,888.0,20000,20000.0,3333,3333,0.5551299133910726,1.0,3329,22,2267,0,389920,389516
33,none,33,6.0,15.0,1.08,0.85,0.001,0.33,1.0,,,,0,500,24.0,False,1200.0,20000,20000.0,3355,3355,0.5587941372418388,1.0,3347,21,2250,0,387302,386903
37,none,37,6.0,15.0,1.08,0.85,0.001,0.33,1.0,,,,0,500,24.0,False,1008.0,20000,20000.0,3375,3375,0.5621252498334444,1.0,3371,18,2655,0,400329,400355
43,none,43,6.0,15.0,1.08,0.85,0.001,0.33,1.0,,,,0,500,24.0,False,984.0,20000,20000.0,3413,3413,0.568454363757495,1.0,3410,29,2264,0,387795,387468
44,none,44,6.0,15.0,1.08,0.85,0.001,0.33,1.0,,,,0,500,24.0,False,1152.0,20000,20000.0,3313,3313,0.551798800799467,1.0,3302,32,2629,0,396689,396627
36,none,36,6.0,15.0,1.08,0.85,0.001,0.33,1.0,,,,0,500,24.0,False,960.0,20000,20000.0,3357,3357,0.5591272485009994,1.0,3347,26,2329,0,393118,392800
60,none,60,6.0,15.0,1.08,0.85,0.001,0.33,1.0,,,,0,500,24.0,False,1224.0,20000,20000.0,3317,3317,0.5524650233177881,1.0,3308,17,2485,0,395877,395675
59,none,59,6.0,15.0,1.08,0.85,0.001,0.33,1.0,,,,0,500,24.0,False,1032.0,20000,20000.0,3361,3361,0.5597934710193204,1.0,3352,27,2432,0,385126,384915
56,none,56,6.0,15.0,1.08,0.85,0.001,0.33,1.0,,,,0,500,24.0,False,768.0,20000,20000.0,3317,3317,0.5524650233177881,1.0,3315,25,2270,0,389990,389573
51,none,51,6.0,15.0,1.08,0.85,0.001,0.33,1.0,,,,0,500,24.0,False,768.0,20000,20000.0,3342,3342,0.5566289140572951,1.0,3338,23,2347,0,387136,386821
50,none,50,6.0,15.0,1.08,0.85,0.001,0.33,1.0,,,,0,500,24.0,False,672.0,20000,20000.0,3308,3308,0.5509660226515656,1.0,3299,23,2494,0,394994,394792
52,none,52,6.0,15.0,1.08,0.85,0.001,0.33,1.0,,,,0,500,24.0,False,1440.0,20000,20000.0,3347,3347,0.5574616922051966,1.0,3340,26,2506,0,389822,389671
62,none,62,6.0,15.0,1.08,0.85,0.001,0.33,1.0,,,,0,500,24.0,False,1152.0,20000,20000.0,3353,3353,0.5584610259826782,1.0,3349,24,2461,0,396018,395828
57,none,57,6.0,15.0,1.08,0.85,0.001,0.33,1.0,,,,0,500,24.0,False,768.0,20000,20000.0,3345,3345,0.557128580946036,1.0,3339,20,2194,0,388671,388206
49,none,49,6.0,15.0,1.08,0.85,0.001,0.33,1.0,,,,0,500,24.0,False,1368.0,20000,20000.0,3362,3362,0.5599600266489008,1.0,3355,18,2288,0,382623,382269
53,none,53,6.0,15.0,1.08,0.85,0.001,0.33,1.0,,,,0,500,24.0,False,768.0,20000,20000.0,3364,3364,0.5602931379080613,1.0,3361,24,2340,0,389888,389588
63,none,63,6.0,15.0,1.08,0.85,0.001,0.33,1.0,,,,0,500,24.0,False,1032.0,20000,20000.0,3355,3355,0.5587941372418388,1.0,3349,25,2129,0,389524,389004
54,none,54,6.0,15.0,1.08,0.85,0.001,0.33,1.0,,,,0,500,24.0,False,1032.0,20000,20000.0,3374,3374,0.5619586942038641,1.0,3366,28,2707,0,399893,399970
55,none,55,6.0,15.0,1.08,0.85,0.001,0.33,1.0,,,,0,500,24.0,False,888.0,20000,20000.0,3376,3376,0.5622918054630246,1.0,3371,24,2559,0,391441,391372
61,none,61,6.0,15.0,1.08,0.85,0.001,0.33,1.0,,,,0,500,24.0,False,1056.0,20000,20000.0,3349,3349,0.5577948034643571,1.0,3342,24,2261,0,385117,384723
48,none,48,6.0,15.0,1.08,0.85,0.001,0.33,1.0,,,,0,500,24.0,False,1392.0,20000,20000.0,3363,3363,0.560126582278481,1.0,3354,19,2087,0,393824,393270
58,none,58,6.0,15.0,1.08,0.85,0.001,0.33,1.0,,,,0,500,24.0,False,1104.0,20000,20000.0,3364,3364,0.5602931379080613,1.0,3362,25,2595,0,400436,400391
71,none,71,6.0,15.0,1.08,0.85,0.001,0.33,1.0,,,,0,500,24.0,False,888.0,20000,20000.0,3366,3366,0.5606262491672218,1.0,3358,22,2321,0,392327,392010
66,none,66,6.0,15.0,1.08,0.85,0.001,0.33,1.0,,,,0,500,24.0,False,768.0,20000,20000.0,3338,3338,0.555962691538974,1.0,3331,30,2460,0,396484,396278
77,none,77,6.0,15.0,1.08,0.85,0.001,0.33,1.0,,,,0,500,24.0,False,984.0,20000,20000.0,3365,3365,0.5604596935376416,1.0,3359,30,2287,0,391206,390854
64,none,64,6.0,15.0,1.08,0.85,0.001,0.33,1.0,,,,0,500,24.0,False,1128.0,20000,20000.0,3369,3369,0.5611259160559627,1.0,3363,22,2187,0,388535,388087
72,none,72,6.0,15.0,1.08,0.85,0.001,0.33,1.0,,,,0,500,24.0,False,1296.0,20000,20000.0,3358,3358,0.5592938041305796,1.0,3352,20,2557,0,398185,398096
68,none,68,6.0,15.0,1.08,0.85,0.001,0.33,1.0,,,,0,500,24.0,False,888.0,20000,20000.0,3350,3350,0.5579613590939374,1.0,3340,20,2389,0,394441,394176
74,none,74,6.0,15.0,1.08,0.85,0.001,0.33,1.0,,,,0,500,24.0,False,888.0,20000,20000.0,3333,3333,0.5551299133910726,1.0,3329,12,2211,0,384138,383678
79,none,79,6.0,15.0,1.08,0.85,0.001,0.33,1.0,,,,0,500,24.0,False,1032.0,20000,20000.0,3342,3342,0.5566289140572951,1.0,3336,22,2050,0,378559,377947
70,none,70,6.0,15.0,1.08,0.85,0.001,0.33,1.0,,,,0,500,24.0,False,912.0,20000,20000.0,3383,3383,0.5634576948700866,1.0,3377,27,2253,0,379692,379324
76,none,76,6.0,15.0,1.08,0.85,0.001,0.33,1.0,,,,0,500,24.0,False,1200.0,20000,20000.0,3349,3349,0.5577948034643571,1.0,3342,41,2632,0,403726,403703
78,none,78,6.0,15.0,1.08,0.85,0.001,0.33,1.0,,,,0,500,24.0,False,696.0,20000,20000.0,3346,3346,0.5572951365756162,1.0,3342,25,2281,0,400992,400615
65,none,65,6.0,15.0,1.08,0.85,0.001,0.33,1.0,,,,0,500,24.0,False,960.0,20000,20000.0,3350,3350,0.5579613590939374,1.0,3340,34,2220,0,395806,395372
69,none,69,6.0,15.0,1.08,0.85,0.001,0.33,1.0,,,,0,500,24.0,False,1152.0,20000,20000.0,3349,3349,0.5577948034643571,1.0,3346,24,2365,0,391576,391286
73,none,73,6.0,15.0,1.08,0.85,0.001,0.33,1.0,,,,0,500,24.0,False,1080.0,20000,20000.0,3337,3337,0.5557961359093937,1.0,3327,21,2109,0,390743,390185
67,none,67,6.0,15.0,1.08,0.85,0.001,0.33,1.0,,,,0,500,24.0,False,1224.0,20000,20000.0,3336,3336,0.5556295802798135,1.0,3330,22,2495,0,387234,387061
75,none,75,6.0,15.0,1.08,0.85,0.001,0.33,1.0,,,,0,500,24.0,False,912.0,20000,20000.0,3354,3354,0.5586275816122585,1.0,3343,27,2311,0,389818,389479
81,none,81,6.0,15.0,1.08,0.85,0.001,0.33,1.0,,,,0,500,24.0,False,840.0,20000,20000.0,3353,3353,0.5584610259826782,1.0,3345,21,2221,0,387901,387471
88,none,88,6.0,15.0,1.08,0.85,0.001,0.33,1.0,,,,0,500,24.0,False,1104.0,20000,20000.0,3336,3336,0.5556295802798135,1.0,3330,33,2461,0,393848,393641
80,none,80,6.0,15.0,1.08,0.85,0.001,0.33,1.0,,,,0,500,24.0,False,600.0,20000,20000.0,3320,3320,0.5529646902065289,1.0,3317,20,2412,0,396727,396455
83,none,83,6.0,15.0,1.08,0.85,0.001,0.33,1.0,,,,0,500,24.0,False,1008.0,20000,20000.0,3345,3345,0.557128580946036,1.0,3338,27,2300,0,390634,390275
85,none,85,6.0,15.0,1.08,0.85,0.001,0.33,1.0,,,,0,500,24.0,False,816.0,20000,20000.0,3354,3354,0.5586275816122585,1.0,3351,23,1942,0,374958,374250
93,none,93,6.0,15.0,1.08,0.85,0.001,0.33,1.0,,,,0,500,24.0,False,1128.0,20000,20000.0,3335,3335,0.5554630246502332,1.0,3331,23,2344,0,398189,397864
95,none,95,6.0,15.0,1.08,0.85,0.001,0.33,1.0,,,,0,500,24.0,False,1200.0,20000,20000.0,3364,3364,0.5602931379080613,1.0,3361,28,2381,0,394724,394465
84,none,84,6.0,15.0,1.08,0.85,0.001,0.33,1.0,,,,0,500,24.0,False,816.0,20000,20000.0,3351,3351,0.5581279147235176,1.0,3343,29,2069,0,382202,381618
82,none,82,6.0,15.0,1.08,0.85,0.001,0.33,1.0,,,,0,500,24.0,False,960.0,20000,20000.0,3349,3349,0.5577948034643571,1.0,3345,27,2533,0,397663,397541
90,none,90,6.0,15.0,1.08,0.85,0.001,0.33,1.0,,,,0,500,24.0,False,1056.0,20000,20000.0,3309,3309,0.5511325782811459,1.0,3304,25,2493,0,397036,396834
94,none,94,6.0,15.0,1.08,0.85,0.001,0.33,1.0,,,,0,500,24.0,False,1104.0,20000,20000.0,3326,3326,0.5539640239840107,1.0,3322,30,2688,0,397110,397120
87,none,87,6.0,15.0,1.08,0.85,0.001,0.33,1.0,,,,0,500,24.0,False,1008.0,20000,20000.0,3343,3343,0.5567954696868754,1.0,3333,26,2471,0,402348,402158
89,none,89,6.0,15.0,1.08,0.85,0.001,0.33,1.0,,,,0,500,24.0,False,1152.0,20000,20000.0,3369,3369,0.5611259160559627,1.0,3363,26,2422,0,394272,394059
92,none,92,6.0,15.0,1.08,0.85,0.001,0.33,1.0,,,,0,500,24.0,False,1032.0,20000,20000.0,3349,3349,0.5577948034643571,1.0,3346,18,2330,0,390670,390345
86,none,86,6.0,15.0,1.08,0.85,0.001,0.33,1.0,,,,0,500,24.0,False,1152.0,20000,20000.0,3378,3378,0.5626249167221852,1.0,3372,27,2520,0,394769,394663
91,none,91,6.0,15.0,1.08,0.85,0.001,0.33,1.0,,,,0,500,24.0,False,960.0,20000,20000.0,3396,3396,0.5656229180546303,1.0,3393,29,1844,0,380734,379970
1000007,bounded,7,6.0,15.0,1.08,0.85,0.001,0.33,1.0,1000,24,200,0,500,24.0,True,984.0,20000,20000.0,3357,3357,0.5591272485009994,1.0,3349,29,2209,0,382564,382126
1000004,bounded,4,6.0,15.0,1.08,0.85,0.001,0.33,1.0,1000,48,200,0,500,24.0,True,792.0,20000,20000.0,3361,3361,0.5597934710193204,1.0,3351,24,2042,0,381401,380800
1000009,bounded,9,6.0,15.0,1.08,0.85,0.001,0.33,1.0,1000,12,200,3,500,24.0,True,1032.0,20000,20000.0,3325,3325,0.5537974683544303,1.0,3319,28,2455,0,396062,396039
96,none,96,6.0,15.0,1.08,0.85,0.001,0.33,1.0,,,,0,500,24.0,False,864.0,20000,20000.0,3356,3356,0.558960692871419,1.0,3345,33,2276,0,391277,390905
1000000,bounded,0,6.0,15.0,1.08,0.85,0.001,0.33,1.0,1000,12,200,0,500,24.0,True,912.0,20000,20000.0,3353,3353,0.5584610259826782,1.0,3348,28,2562,0,394315,394226
98,none,98,6.0,15.0,1.08,0.85,0.001,0.33,1.0,,,,0,500,24.0,False,936.0,20000,20000.0,3362,3362,0.5599600266489008,1.0,3355,28,2166,0,394295,393819
1000011,bounded,11,6.0,15.0,1.08,0.85,0.001,0.33,1.0,1000,48,200,0,500,24.0,True,672.0,20000,20000.0,3354,3354,0.5586275816122585,1.0,3348,19,1915,0,369135,368400
1000001,bounded,1,6.0,15.0,1.08,0.85,0.001,0.33,1.0,1000,48,200,4,500,24.0,True,1152.0,20000,20000.0,3362,3362,0.5599600266489008,1.0,3356,26,2331,0,382248,382265
1000003,bounded,3,6.0,15.0,1.08,0.85,0.001,0.33,1.0,1000,12,200,7,500,24.0,True,1080.0,20000,20000.0,3370,3370,0.561292471685543,1.0,3366,26,2429,0,391758,392002
1000002,bounded,2,6.0,15.0,1.08,0.85,0.001,0.33,1.0,1000,24,200,2,500,24.0,True,1032.0,20000,20000.0,3317,3317,0.5524650233177881,1.0,3313,21,2571,0,405554,405585
99,none,99,6.0,15.0,1.08,0.85,0.001,0.33,1.0,,,,0,500,24.0,False,1008.0,20000,20000.0,3387,3387,0.5641239173884077,1.0,3381,22,2392,0,392468,392243
1000005,bounded,5,6.0,15.0,1.08,0.85,0.001,0.33,1.0,1000,48,200,0,500,24.0,True,888.0,20000,20000.0,3333,3333,0.5551299133910726,1.0,3320,19,2729,0,396277,396335
1000006,bounded,6,6.0,15.0,1.08,0.85,0.001,0.33,1.0,1000,12,200,13,500,24.0,True,1152.0,20000,20000.0,3359,3359,0.5594603597601598,1.0,3351,32,2134,0,388244,388462
1000008,bounded,8,6.0,15.0,1.08,0.85,0.001,0.33,1.0,1000,48,200,2,500,24.0,True,1056.0,20000,20000.0,3323,3323,0.5534643570952699,1.0,3319,25,2233,0,394087,393790
97,none,97,6.0,15.0,1.08,0.85,0.001,0.33,1.0,,,,0,500,24.0,False,1056.0,20000,20000.0,3345,3345,0.557128580946036,1.0,3335,29,2291,0,387885,387517
1000010,bounded,10,6.0,15.0,1.08,0.85,0.001,0.33,1.0,1000,12,200,3,500,24.0,True,1032.0,20000,20000.0,3330,3330,0.5546302465023317,1.0,3327,25,2352,0,389588,389465
1000013,bounded,13,6.0,15.0,1.08,0.85,0.001,0.33,1.0,1000,24,200,0,500,24.0,True,840.0,20000,20000.0,3349,3349,0.5577948034643571,1.0,3349,13,2529,0,395633,395507
1000022,bounded,22,6.0,15.0,1.08,0.85,0.001,0.33,1.0,1000,48,200,0,500,24.0,True,768.0,20000,20000.0,3329,3329,0.5544636908727515,1.0,3323,24,2128,0,389618,389071
1000016,bounded,16,6.0,15.0,1.08,0.85,0.001,0.33,1.0,1000,48,200,0,500,24.0,True,840.0,20000,20000.0,3346,3346,0.5572951365756162,1.0,3342,18,2320,0,389371,389033
1000025,bounded,25,6.0,15.0,1.08,0.85,0.001,0.33,1.0,1000,24,200,0,500,24.0,True,864.0,20000,20000.0,3340,3340,0.5562958027981346,1.0,3333,26,2302,0,404284,403922
1000021,bounded,21,6.0,15.0,1.08,0.85,0.001,0.33,1.0,1000,12,200,1,500,24.0,True,1008.0,20000,20000.0,3325,3325,0.5537974683544303,1.0,3313,32,2175,0,391962,391558
1000012,bounded,12,6.0,15.0,1.08,0.85,0.001,0.33,1.0,1000,24,200,0,500,24.0,True,888.0,20000,20000.0,3354,3354,0.5586275816122585,1.0,3340,29,2520,0,392902,392772
1000015,bounded,15,6.0,15.0,1.08,0.85,0.001,0.33,1.0,1000,24,200,0,500,24.0,True,864.0,20000,20000.0,3358,3358,0.5592938041305796,1.0,3353,21,2348,0,390132,389834
1000026,bounded,26,6.0,15.0,1.08,0.85,0.001,0.33,1.0,1000,12,200,0,500,24.0,True,960.0,20000,20000.0,3360,3360,0.5596269153897402,1.0,3356,28,2270,0,387713,387339
1000014,bounded,14,6.0,15.0,1.08,0.85,0.001,0.33,1.0,1000,48,200,8,500,24.0,True,1368.0,20000,20000.0,3354,3354,0.5586275816122585,1.0,3345,23,2474,0,388237,388675
1000020,bounded,20,6.0,15.0,1.08,0.85,0.001,0.33,1.0,1000,48,200,3,500,24.0,True,1128.0,20000,20000.0,3336,3336,0.5556295802798135,1.0,3333,29,2259,0,393145,392968
1000023,bounded,23,6.0,15.0,1.08,0.85,0.001,0.33,1.0,1000,12,200,7,500,24.0,True,1080.0,20000,20000.0,3346,3346,0.5572951365756162,1.0,3332,31,2342,0,389647,389733
1000027,bounded,27,6.0,15.0,1.08,0.85,0.001,0.33,1.0,1000,24,200,0,500,24.0,True,888.0,20000,20000.0,3359,3359,0.5594603597601598,1.0,3353,25,2407,0,391496,391258
1000018,bounded,18,6.0,15.0,1.08,0.85,0.001,0.33,1.0,1000,24,200,2,500,24.0,True,1032.0,20000,20000.0,3361,3361,0.5597934710193204,1.0,3354,20,2138,0,388241,387893
1000019,bounded,19,6.0,15.0,1.08,0.85,0.001,0.33,1.0,1000,48,200,0,500,24.0,True,792.0,20000,20000.0,3347,3347,0.5574616922051966,1.0,3342,20,2392,0,395226,394961
1000017,bounded,17,6.0,15.0,1.08,0.85,0.001,0.33,1.0,1000,12,200,0,500,24.0,True,936.0,20000,20000.0,3340,3340,0.5562958027981346,1.0,3329,28,2430,0,391114,390880
1000024,bounded,24,6.0,15.0,1.08,0.85,0.001,0.33,1.0,1000,12,200,0,500,24.0,True,792.0,20000,20000.0,3328,3328,0.5542971352431713,1.0,3324,22,2407,0,385440,385171
1000038,bounded,38,6.0,15.0,1.08,0.85,0.001,0.33,1.0,1000,12,200,0,500,24.0,True,888.0,20000,20000.0,3333,3333,0.5551299133910726,1.0,3329,22,2267,0,389920,389516
1000031,bounded,31,6.0,15.0,1.08,0.85,0.001,0.33,1.0,1000,12,200,0,500,24.0,True,840.0,20000,20000.0,3341,3341,0.5564623584277149,1.0,3334,16,2430,0,386589,386356
1000034,bounded,34,6.0,15.0,1.08,0.85,0.001,0.33,1.0,1000,48,200,0,500,24.0,True,792.0,20000,20000.0,3367,3367,0.5607928047968022,1.0,3359,30,2227,0,385512,385102
1000043,bounded,43,6.0,15.0,1.08,0.85,0.001,0.33,1.0,1000,12,200,0,500,24.0,True,984.0,20000,20000.0,3413,3413,0.568454363757495,1.0,3410,29,2264,0,387795,387468
1000036,bounded,36,6.0,15.0,1.08,0.85,0.001,0.33,1.0,1000,48,200,0,500,24.0,True,960.0,20000,20000.0,3357,3357,0.5591272485009994,1.0,3347,26,2329,0,393118,392800
1000032,bounded,32,6.0,15.0,1.08,0.85,0.001,0.33,1.0,1000,24,200,0,500,24.0,True,936.0,20000,20000.0,3328,3328,0.5542971352431713,1.0,3326,18,2236,0,386655,386215
1000033,bounded,33,6.0,15.0,1.08,0.85,0.001,0.33,1.0,1000,12,200,13,500,24.0,True,1152.0,20000,20000.0,3365,3365,0.5604596935376416,1.0,3360,20,2311,0,381928,382403
1000030,bounded,30,6.0,15.0,1.08,0.85,0.001,0.33,1.0,1000,12,200,3,500,24.0,True,1032.0,20000,20000.0,3338,3338,0.555962691538974,1.0,3332,25,2290,0,392281,392106
1000042,bounded,42,6.0,15.0,1.08,0.85,0.001,0.33,1.0,1000,24,200,0,500,24.0,True,960.0,20000,20000.0,3326,3326,0.5539640239840107,1.0,3319,19,2520,0,400302,400144
1000040,bounded,40,6.0,15.0,1.08,0.85,0.001,0.33,1.0,1000,12,200,0,500,24.0,True,960.0,20000,20000.0,3335,3335,0.5554630246502332,1.0,3325,27,2704,0,400219,400254
1000029,bounded,29,6.0,15.0,1.08,0.85,0.001,0.33,1.0,1000,12,200,13,500,24.0,True,1152.0,20000,20000.0,3337,3337,0.5557961359093937,1.0,3331,21,2265,0,388068,388406
1000039,bounded,39,6.0,15.0,1.08,0.85,0.001,0.33,1.0,1000,12,200,0,500,24.0,True,984.0,20000,20000.0,3338,3338,0.555962691538974,1.0,3328,27,2655,0,402069,402058
1000035,bounded,35,6.0,15.0,1.08,0.85,0.001,0.33,1.0,1000,12,200,0,500,24.0,True,984.0,20000,20000.0,3324,3324,0.5536309127248501,1.0,3315,24,2224,0,382150,381694
1000028,bounded,28,6.0,15.0,1.08,0.85,0.001,0.33,1.0,1000,12,200,0,500,24.0,True,960.0,20000,20000.0,3382,3382,0.5632911392405063,1.0,3372,30,2519,0,392848,392745
1000041,bounded,41,6.0,15.0,1.08,0.85,0.001,0.33,1.0,1000,48,200,3,500,24.0,True,1104.0,20000,20000.0,3348,3348,0.5576282478347768,1.0,3341,25,2478,0,396113,396178
1000037,bounded,37,6.0,15.0,1.08,0.85,0.001,0.33,1.0,1000,48,200,1,500,24.0,True,1008.0,20000,20000.0,3332,3332,0.5549633577614923,1.0,3328,18,2587,0,397739,397727
1000048,bounded,48,6.0,15.0,1.08,0.85,0.001,0.33,1.0,1000,24,200,10,500,24.0,True,1224.0,20000,20000.0,3340,3340,0.5562958027981346,1.0,3332,24,1884,0,387508,387430
1000046,bounded,46,6.0,15.0,1.08,0.85,0.001,0.33,1.0,1000,24,200,2,500,24.0,True,1032.0,20000,20000.0,3351,3351,0.5581279147235176,1.0,3345,31,2210,0,394690,394411
1000049,bounded,49,6.0,15.0,1.08,0.85,0.001,0.33,1.0,1000,12,200,11,500,24.0,True,1128.0,20000,20000.0,3331,3331,0.5547968021319121,1.0,3325,18,2306,0,388620,388864
1000054,bounded,54,6.0,15.0,1.08,0.85,0.001,0.33,1.0,1000,12,200,5,500,24.0,True,1056.0,20000,20000.0,3345,3345,0.557128580946036,1.0,3342,32,2713,0,393906,394250
1000044,bounded,44,6.0,15.0,1.08,0.85,0.001,0.33,1.0,1000,48,200,3,500,24.0,True,1128.0,20000,20000.0,3310,3310,0.5512991339107262,1.0,3302,30,2357,0,389691,389603
1000055,bounded,55,6.0,15.0,1.08,0.85,0.001,0.33,1.0,1000,12,200,0,500,24.0,True,888.0,20000,20000.0,3376,3376,0.5622918054630246,1.0,3371,24,2559,0,391441,391372
1000045,bounded,45,6.0,15.0,1.08,0.85,0.001,0.33,1.0,1000,12,200,0,500,24.0,True,624.0,20000,20000.0,3363,3363,0.560126582278481,1.0,3357,27,2151,0,382469,381979
1000058,bounded,58,6.0,15.0,1.08,0.85,0.001,0.33,1.0,1000,12,200,9,500,24.0,True,1104.0,20000,20000.0,3336,3336,0.5556295802798135,1.0,3327,25,2423,0,387660,387974
1000059,bounded,59,6.0,15.0,1.08,0.85,0.001,0.33,1.0,1000,24,200,2,500,24.0,True,1032.0,20000,20000.0,3348,3348,0.5576282478347768,1.0,3343,23,2261,0,384463,384213
1000057,bounded,57,6.0,15.0,1.08,0.85,0.001,0.33,1.0,1000,24,200,0,500,24.0,True,768.0,20000,20000.0,3345,3345,0.557128580946036,1.0,3339,20,2194,0,388671,388206
1000056,bounded,56,6.0,15.0,1.08,0.85,0.001,0.33,1.0,1000,24,200,0,500,24.0,True,768.0,20000,20000.0,3317,3317,0.5524650233177881,1.0,3315,25,2270,0,389990,389573
1000053,bounded,53,6.0,15.0,1.08,0.85,0.001,0.33,1.0,1000,12,200,0,500,24.0,True,768.0,20000,20000.0,3364,3364,0.5602931379080613,1.0,3361,24,2340,0,389888,389588
1000052,bounded,52,6.0,15.0,1.08,0.85,0.001,0.33,1.0,1000,12,200,21,500,24.0,True,1248.0,20000,20000.0,3322,3322,0.5532978014656895,1.0,3318,31,2200,0,391808,392580
1000050,bounded,50,6.0,15.0,1.08,0.85,0.001,0.33,1.0,1000,24,200,0,500,24.0,True,672.0,20000,20000.0,3308,3308,0.5509660226515656,1.0,3299,23,2494,0,394994,394792
1000047,bounded,47,6.0,15.0,1.08,0.85,0.001,0.33,1.0,1000,48,200,3,500,24.0,True,1128.0,20000,20000.0,3323,3323,0.5534643570952699,1.0,3314,30,2612,0,392932,393085
1000051,bounded,51,6.0,15.0,1.08,0.85,0.001,0.33,1.0,1000,24,200,0,500,24.0,True,768.0,20000,20000.0,3342,3342,0.5566289140572951,1.0,3338,23,2347,0,387136,386821
1000061,bounded,61,6.0,15.0,1.08,0.85,0.001,0.33,1.0,1000,12,200,1,500,24.0,True,1008.0,20000,20000.0,3317,3317,0.5524650233177881,1.0,3310,22,2236,0,389970,389597
1000065,bounded,65,6.0,15.0,1.08,0.85,0.001,0.33,1.0,1000,12,200,0,500,24.0,True,960.0,20000,20000.0,3350,3350,0.5579613590939374,1.0,3340,34,2220,0,395806,395372
1000067,bounded,67,6.0,15.0,1.08,0.85,0.001,0.33,1.0,1000,48,200,3,500,24.0,True,1128.0,20000,20000.0,3373,3373,0.5617921385742838,1.0,3371,19,2332,0,383102,383028
1000064,bounded,64,6.0,15.0,1.08,0.85,0.001,0.33,1.0,1000,48,200,1,500,24.0,True,1032.0,20000,20000.0,3332,3332,0.5549633577614923,1.0,3327,21,2304,0,392849,392558
1000060,bounded,60,6.0,15.0,1.08,0.85,0.001,0.33,1.0,1000,12,200,13,500,24.0,True,1152.0,20000,20000.0,3351,3351,0.5581279147235176,1.0,3347,15,2008,0,388564,388712
1000071,bounded,71,6.0,15.0,1.08,0.85,0.001,0.33,1.0,1000,12,200,0,500,24.0,True,888.0,20000,20000.0,3366,3366,0.5606262491672218,1.0,3358,22,2321,0,392327,392010
1000072,bounded,72,6.0,15.0,1.08,0.85,0.001,0.33,1.0,1000,12,200,15,500,24.0,True,1176.0,20000,20000.0,3345,3345,0.557128580946036,1.0,3339,16,2364,0,395827,396392
1000074,bounded,74,6.0,15.0,1.08,0.85,0.001,0.33,1.0,1000,24,200,0,500,24.0,True,888.0,20000,20000.0,3333,3333,0.5551299133910726,1.0,3329,12,2211,0,384138,383678
1000066,bounded,66,6.0,15.0,1.08,0.85,0.001,0.33,1.0,1000,24,200,0,500,24.0,True,768.0,20000,20000.0,3338,3338,0.555962691538974,1.0,3331,30,2460,0,396484,396278
1000068,bounded,68,6.0,15.0,1.08,0.85,0.001,0.33,1.0,1000,48,200,0,500,24.0,True,888.0,20000,20000.0,3350,3350,0.5579613590939374,1.0,3340,20,2389,0,394441,394176
1000062,bounded,62,6.0,15.0,1.08,0.85,0.001,0.33,1.0,1000,48,200,2,500,24.0,True,1080.0,20000,20000.0,3374,3374,0.5619586942038641,1.0,3362,24,2759,0,400201,400494
1000070,bounded,70,6.0,15.0,1.08,0.85,0.001,0.33,1.0,1000,24,200,0,500,24.0,True,912.0,20000,20000.0,3383,3383,0.5634576948700866,1.0,3377,27,2253,0,379692,379324
1000075,bounded,75,6.0,15.0,1.08,0.85,0.001,0.33,1.0,1000,48,200,0,500,24.0,True,912.0,20000,20000.0,3354,3354,0.5586275816122585,1.0,3343,27,2311,0,389818,389479
1000069,bounded,69,6.0,15.0,1.08,0.85,0.001,0.33,1.0,1000,24,200,5,500,24.0,True,1104.0,20000,20000.0,3353,3353,0.5584610259826782,1.0,3344,27,2213,0,392668,392568
1000073,bounded,73,6.0,15.0,1.08,0.85,0.001,0.33,1.0,1000,48,200,2,500,24.0,True,1080.0,20000,20000.0,3352,3352,0.558294470353098,1.0,3345,29,2264,0,393538,393297
1000063,bounded,63,6.0,15.0,1.08,0.85,0.001,0.33,1.0,1000,48,200,1,500,24.0,True,1032.0,20000,20000.0,3348,3348,0.5576282478347768,1.0,3340,25,2089,0,384518,384045
1000077,bounded,77,6.0,15.0,1.08,0.85,0.001,0.33,1.0,1000,48,200,0,500,24.0,True,984.0,20000,20000.0,3365,3365,0.5604596935376416,1.0,3359,30,2287,0,391206,390854
1000083,bounded,83,6.0,15.0,1.08,0.85,0.001,0.33,1.0,1000,48,200,1,500,24.0,True,1008.0,20000,20000.0,3340,3340,0.5562958027981346,1.0,3333,29,2263,0,396734,396417
1000087,bounded,87,6.0,15.0,1.08,0.85,0.001,0.33,1.0,1000,24,200,2,500,24.0,True,1032.0,20000,20000.0,3336,3336,0.5556295802798135,1.0,3329,24,2753,0,402544,402791
1000082,bounded,82,6.0,15.0,1.08,0.85,0.001,0.33,1.0,1000,12,200,0,500,24.0,True,960.0,20000,20000.0,3349,3349,0.5577948034643571,1.0,3345,27,2533,0,397663,397541
1000079,bounded,79,6.0,15.0,1.08,0.85,0.001,0.33,1.0,1000,48,200,1,500,24.0,True,1008.0,20000,20000.0,3360,3360,0.5596269153897402,1.0,3352,23,2105,0,386929,386469
1000078,bounded,78,6.0,15.0,1.08,0.85,0.001,0.33,1.0,1000,48,200,0,500,24.0,True,696.0,20000,20000.0,3346,3346,0.5572951365756162,1.0,3342,25,2281,0,400992,400615
1000076,bounded,76,6.0,15.0,1.08,0.85,0.001,0.33,1.0,1000,12,200,11,500,24.0,True,1128.0,20000,20000.0,3377,3377,0.5624583610926049,1.0,3369,38,2199,0,391219,391457
1000089,bounded,89,6.0,15.0,1.08,0.85,0.001,0.33,1.0,1000,48,200,2,500,24.0,True,1080.0,20000,20000.0,3364,3364,0.5602931379080613,1.0,3361,24,2343,0,390278,390148
1000085,bounded,85,6.0,15.0,1.08,0.85,0.001,0.33,1.0,1000,24,200,0,500,24.0,True,816.0,20000,20000.0,3354,3354,0.5586275816122585,1.0,3351,23,1942,0,374958,374250
1000086,bounded,86,6.0,15.0,1.08,0.85,0.001,0.33,1.0,1000,48,200,2,500,24.0,True,1080.0,20000,20000.0,3374,3374,0.5619586942038641,1.0,3365,24,2491,0,398695,398711
1000084,bounded,84,6.0,15.0,1.08,0.85,0.001,0.33,1.0,1000,12,200,0,500,24.0,True,816.0,20000,20000.0,3351,3351,0.5581279147235176,1.0,3343,29,2069,0,382202,381618
1000091,bounded,91,6.0,15.0,1.08,0.85,0.001,0.33,1.0,1000,48,200,0,500,24.0,True,960.0,20000,20000.0,3396,3396,0.5656229180546303,1.0,3393,29,1844,0,380734,379970
1000081,bounded,81,6.0,15.0,1.08,0.85,0.001,0.33,1.0,1000,48,200,0,500,24.0,True,840.0,20000,20000.0,3353,3353,0.5584610259826782,1.0,3345,21,2221,0,387901,387471
1000090,bounded,90,6.0,15.0,1.08,0.85,0.001,0.33,1.0,1000,48,200,1,500,24.0,True,1008.0,20000,20000.0,3348,3348,0.5576282478347768,1.0,3338,25,2399,0,390007,389837
1000080,bounded,80,6.0,15.0,1.08,0.85,0.001,0.33,1.0,1000,12,200,0,500,24.0,True,600.0,20000,20000.0,3320,3320,0.5529646902065289,1.0,3317,20,2412,0,396727,396455
1000088,bounded,88,6.0,15.0,1.08,0.85,0.001,0.33,1.0,1000,12,200,5,500,24.0,True,1056.0,20000,20000.0,3331,3331,0.5547968021319121,1.0,3323,31,2263,0,394288,394198
1000096,bounded,96,6.0,15.0,1.08,0.85,0.001,0.33,1.0,1000,12,200,0,500,24.0,True,864.0,20000,20000.0,3356,3356,0.558960692871419,1.0,3345,33,2276,0,391277,390905
1000099,bounded,99,6.0,15.0,1.08,0.85,0.001,0.33,1.0,1000,48,200,1,500,24.0,True,1008.0,20000,20000.0,3344,3344,0.5569620253164557,1.0,3335,26,2493,0,389867,389783
1000092,bounded,92,6.0,15.0,1.08,0.85,0.001,0.33,1.0,1000,48,200,1,500,24.0,True,1032.0,20000,20000.0,3386,3386,0.5639573617588275,1.0,3379,20,2224,0,394088,393776
1000094,bounded,94,6.0,15.0,1.08,0.85,0.001,0.33,1.0,1000,24,200,3,500,24.0,True,1056.0,20000,20000.0,3377,3377,0.5624583610926049,1.0,3371,26,2221,0,393332,393139
1000095,bounded,95,6.0,15.0,1.08,0.85,0.001,0.33,1.0,1000,24,200,10,500,24.0,True,1224.0,20000,20000.0,3325,3325,0.5537974683544303,1.0,3317,28,2416,0,389150,389537
1000093,bounded,93,6.0,15.0,1.08,0.85,0.001,0.33,1.0,1000,12,200,7,500,24.0,True,1080.0,20000,20000.0,3329,3329,0.5544636908727515,1.0,3325,22,2506,0,392995,393265
2000005,chronic,5,6.0,15.0,1.08,0.85,0.001,0.33,1.0,1000,24,200,792,500,24.0,False,888.0,20000,20000.0,3501,3501,0.5831112591605596,1.0,3488,19,2505,0,403743,490470
2000000,chronic,0,6.0,15.0,1.08,0.85,0.001,0.33,1.0,1000,48,200,396,500,24.0,False,912.0,20000,20000.0,3490,3490,0.5812791472351766,1.0,3489,30,2726,0,272676,315827
2000003,chronic,3,6.0,15.0,1.08,0.85,0.001,0.33,1.0,1000,12,200,1584,500,24.0,False,1080.0,20000,20000.0,3335,3335,0.5554630246502332,1.0,3333,22,2400,0,440099,563360
1000097,bounded,97,6.0,15.0,1.08,0.85,0.001,0.33,1.0,1000,24,200,2,500,24.0,True,1032.0,20000,20000.0,3327,3327,0.5541305796135909,1.0,3324,27,2396,0,388689,388558
1000098,bounded,98,6.0,15.0,1.08,0.85,0.001,0.33,1.0,1000,48,200,0,500,24.0,True,936.0,20000,20000.0,3362,3362,0.5599600266489008,1.0,3355,28,2166,0,394295,393819
2000006,chronic,6,6.0,15.0,1.08,0.85,0.001,0.33,1.0,1000,48,200,396,500,24.0,False,1320.0,20000,20000.0,3457,3457,0.5757828114590273,1.0,3455,32,2289,0,268520,311093
2000002,chronic,2,6.0,15.0,1.08,0.85,0.001,0.33,1.0,1000,48,200,396,500,24.0,False,1032.0,20000,20000.0,3479,3479,0.5794470353097935,1.0,3476,19,2500,0,276286,319150
2000001,chronic,1,6.0,15.0,1.08,0.85,0.001,0.33,1.0,1000,12,200,1584,500,24.0,False,1128.0,20000,20000.0,3302,3302,0.549966688874084,1.0,3299,27,2512,0,458750,582257
2000007,chronic,7,6.0,15.0,1.08,0.85,0.001,0.33,1.0,1000,48,200,396,500,24.0,False,984.0,20000,20000.0,3511,3511,0.5847768154563624,1.0,3509,28,2600,0,271428,314369
2000004,chronic,4,6.0,15.0,1.08,0.85,0.001,0.33,1.0,1000,12,200,1584,500,24.0,False,792.0,20000,20000.0,3372,3372,0.5616255829447035,1.0,3366,23,2107,0,440054,563763
2000016,chronic,16,6.0,15.0,1.08,0.85,0.001,0.33,1.0,1000,24,200,792,500,24.0,False,840.0,20000,20000.0,3432,3432,0.5716189207195204,1.0,3410,19,2523,0,402038,488728
2000012,chronic,12,6.0,15.0,1.08,0.85,0.001,0.33,1.0,1000,48,200,396,500,24.0,False,888.0,20000,20000.0,3472,3472,0.5782811459027315,1.0,3471,26,2422,0,261791,304784
2000014,chronic,14,6.0,15.0,1.08,0.85,0.001,0.33,1.0,1000,24,200,792,500,24.0,False,1344.0,20000,20000.0,3481,3481,0.579780146568954,1.0,3458,22,2532,0,404278,490602
2000010,chronic,10,6.0,15.0,1.08,0.85,0.001,0.33,1.0,1000,48,200,396,500,24.0,False,1032.0,20000,20000.0,3465,3465,0.5771152564956695,1.0,3464,27,2240,0,270656,313136
2000017,chronic,17,6.0,15.0,1.08,0.85,0.001,0.33,1.0,1000,48,200,396,500,24.0,False,936.0,20000,20000.0,3465,3465,0.5771152564956695,1.0,3463,26,2361,0,257161,300154
2000018,chronic,18,6.0,15.0,1.08,0.85,0.001,0.33,1.0,1000,24,200,792,500,24.0,False,1032.0,20000,20000.0,3448,3448,0.5742838107928048,1.0,3432,24,2282,0,404595,490587
2000011,chronic,11,6.0,15.0,1.08,0.85,0.001,0.33,1.0,1000,24,200,792,500,24.0,False,672.0,20000,20000.0,3460,3460,0.5762824783477681,1.0,3447,18,2036,0,391910,478327
2000020,chronic,20,6.0,15.0,1.08,0.85,0.001,0.33,1.0,1000,48,200,396,500,24.0,False,1128.0,20000,20000.0,3501,3501,0.5831112591605596,1.0,3499,29,2360,0,268571,311346
2000019,chronic,19,6.0,15.0,1.08,0.85,0.001,0.33,1.0,1000,24,200,792,500,24.0,False,792.0,20000,20000.0,3470,3470,0.5779480346435709,1.0,3452,18,2122,0,397237,483854
2000008,chronic,8,6.0,15.0,1.08,0.85,0.001,0.33,1.0,1000,12,200,1584,500,24.0,False,1056.0,20000,20000.0,3314,3314,0.5519653564290473,1.0,3312,27,1877,0,442713,565764
2000015,chronic,15,6.0,15.0,1.08,0.85,0.001,0.33,1.0,1000,24,200,792,500,24.0,False,864.0,20000,20000.0,3483,3483,0.5801132578281146,1.0,3471,21,2197,0,399887,485994
2000009,chronic,9,6.0,15.0,1.08,0.85,0.001,0.33,1.0,1000,24,200,792,500,24.0,False,1032.0,20000,20000.0,3454,3454,0.5752831445702865,1.0,3437,28,2396,0,402695,489351
2000023,chronic,23,6.0,15.0,1.08,0.85,0.001,0.33,1.0,1000,12,200,1584,500,24.0,False,1080.0,20000,20000.0,3304,3304,0.5502998001332445,1.0,3294,31,2130,0,449626,572804
2000022,chronic,22,6.0,15.0,1.08,0.85,0.001,0.33,1.0,1000,24,200,792,500,24.0,False,768.0,20000,20000.0,3487,3487,0.5807794803464357,1.0,3476,26,1952,0,394808,481022
2000021,chronic,21,6.0,15.0,1.08,0.85,0.001,0.33,1.0,1000,24,200,792,500,24.0,False,1008.0,20000,20000.0,3491,3491,0.5814457028647568,1.0,3464,27,2377,0,401974,487908
2000013,chronic,13,6.0,15.0,1.08,0.85,0.001,0.33,1.0,1000,24,200,792,500,24.0,False,840.0,20000,20000.0,3435,3435,0.5721185876082612,1.0,3427,13,2212,0,394266,480834
2000029,chronic,29,6.0,15.0,1.08,0.85,0.001,0.33,1.0,1000,12,200,1584,500,24.0,False,1152.0,20000,20000.0,3304,3304,0.5502998001332445,1.0,3294,20,1911,0,439080,562183
2000037,chronic,37,6.0,15.0,1.08,0.85,0.001,0.33,1.0,1000,12,200,1584,500,24.0,False,1008.0,20000,20000.0,3372,3372,0.5616255829447035,1.0,3360,17,2151,0,444468,567975
2000034,chronic,34,6.0,15.0,1.08,0.85,0.001,0.33,1.0,1000,12,200,1584,500,24.0,False,792.0,20000,20000.0,3311,3311,0.5514656895403065,1.0,3299,26,2237,0,449513,573224
2000030,chronic,30,6.0,15.0,1.08,0.85,0.001,0.33,1.0,1000,12,200,1584,500,24.0,False,1032.0,20000,20000.0,3351,3351,0.5581279147235176,1.0,3344,27,2175,0,444512,568069
2000032,chronic,32,6.0,15.0,1.08,0.85,0.001,0.33,1.0,1000,48,200,396,500,24.0,False,936.0,20000,20000.0,3485,3485,0.5804463690872752,1.0,3481,19,2218,0,251029,293786
2000025,chronic,25,6.0,15.0,1.08,0.85,0.001,0.33,1.0,1000,24,200,792,500,24.0,False,864.0,20000,20000.0,3457,3457,0.5757828114590273,1.0,3439,23,2071,0,393943,480274
2000036,chronic,36,6.0,15.0,1.08,0.85,0.001,0.33,1.0,1000,48,200,396,500,24.0,False,960.0,20000,20000.0,3468,3468,0.5776149233844103,1.0,3463,25,1987,0,256780,299089
2000039,chronic,39,6.0,15.0,1.08,0.85,0.001,0.33,1.0,1000,24,200,792,500,24.0,False,984.0,20000,20000.0,3489,3489,0.5811125916055963,1.0,3481,23,2569,0,408852,495638
2000031,chronic,31,6.0,15.0,1.08,0.85,0.001,0.33,1.0,1000,48,200,396,500,24.0,False,840.0,20000,20000.0,3510,3510,0.5846102598267822,1.0,3506,17,2459,0,262792,305872
2000033,chronic,33,6.0,15.0,1.08,0.85,0.001,0.33,1.0,1000,12,200,1584,500,24.0,False,1152.0,20000,20000.0,3338,3338,0.555962691538974,1.0,3332,21,2385,0,444110,567590
2000038,chronic,38,6.0,15.0,1.08,0.85,0.001,0.33,1.0,1000,24,200,792,500,24.0,False,888.0,20000,20000.0,3449,3449,0.5744503664223851,1.0,3433,22,2407,0,406603,493155
2000024,chronic,24,6.0,15.0,1.08,0.85,0.001,0.33,1.0,1000,24,200,792,500,24.0,False,792.0,20000,20000.0,3457,3457,0.5757828114590273,1.0,3441,22,2355,0,406158,492760
2000027,chronic,27,6.0,15.0,1.08,0.85,0.001,0.33,1.0,1000,12,200,1584,500,24.0,False,888.0,20000,20000.0,3310,3310,0.5512991339107262,1.0,3303,18,2313,0,447034,570453
2000028,chronic,28,6.0,15.0,1.08,0.85,0.001,0.33,1.0,1000,24,200,792,500,24.0,False,960.0,20000,20000.0,3442,3442,0.5732844770153231,1.0,3430,29,2521,0,408667,495245
2000026,chronic,26,6.0,15.0,1.08,0.85,0.001,0.33,1.0,1000,12,200,1584,500,24.0,False,960.0,20000,20000.0,3338,3338,0.555962691538974,1.0,3330,27,2287,0,448171,571732
2000035,chronic,35,6.0,15.0,1.08,0.85,0.001,0.33,1.0,1000,12,200,1584,500,24.0,False,984.0,20000,20000.0,3323,3323,0.5534643570952699,1.0,3315,18,2320,0,444893,568186
2000040,chronic,40,6.0,15.0,1.08,0.85,0.001,0.33,1.0,1000,12,200,1584,500,24.0,False,960.0,20000,20000.0,3323,3323,0.5534643570952699,1.0,3312,22,2379,0,446656,570128
2000055,chronic,55,6.0,15.0,1.08,0.85,0.001,0.33,1.0,1000,12,200,1584,500,24.0,False,888.0,20000,20000.0,3355,3355,0.5587941372418388,1.0,3346,20,2339,0,443831,567474
2000048,chronic,48,6.0,15.0,1.08,0.85,0.001,0.33,1.0,1000,12,200,1584,500,24.0,False,1224.0,20000,20000.0,3327,3327,0.5541305796135909,1.0,3318,26,2379,0,454210,577686
2000050,chronic,50,6.0,15.0,1.08,0.85,0.001,0.33,1.0,1000,24,200,792,500,24.0,False,672.0,20000,20000.0,3474,3474,0.5786142571618921,1.0,3454,20,2268,0,400542,486519
2000051,chronic,51,6.0,15.0,1.08,0.85,0.001,0.33,1.0,1000,24,200,792,500,24.0,False,768.0,20000,20000.0,3436,3436,0.5722851432378414,1.0,3418,19,2411,0,395491,482076
2000047,chronic,47,6.0,15.0,1.08,0.85,0.001,0.33,1.0,1000,24,200,792,500,24.0,False,1080.0,20000,20000.0,3467,3467,0.5774483677548301,1.0,3454,30,2466,0,403514,489903
2000042,chronic,42,6.0,15.0,1.08,0.85,0.001,0.33,1.0,1000,24,200,792,500,24.0,False,960.0,20000,20000.0,3433,3433,0.5717854763491006,1.0,3424,23,2325,0,401171,487635
2000043,chronic,43,6.0,15.0,1.08,0.85,0.001,0.33,1.0,1000,12,200,1584,500,24.0,False,984.0,20000,20000.0,3343,3343,0.5567954696868754,1.0,3337,23,1899,0,435522,558433
2000046,chronic,46,6.0,15.0,1.08,0.85,0.001,0.33,1.0,1000,24,200,792,500,24.0,False,1032.0,20000,20000.0,3457,3457,0.5757828114590273,1.0,3449,28,1988,0,388532,474583
2000041,chronic,41,6.0,15.0,1.08,0.85,0.001,0.33,1.0,1000,24,200,792,500,24.0,False,1080.0,20000,20000.0,3444,3444,0.5736175882744837,1.0,3430,24,2153,0,392806,478794
2000045,chronic,45,6.0,15.0,1.08,0.85,0.001,0.33,1.0,1000,48,200,396,500,24.0,False,624.0,20000,20000.0,3474,3474,0.5786142571618921,1.0,3473,29,2169,0,254667,297590
2000049,chronic,49,6.0,15.0,1.08,0.85,0.001,0.33,1.0,1000,48,200,396,500,24.0,False,1200.0,20000,20000.0,3468,3468,0.5776149233844103,1.0,3467,22,2328,0,266055,308702
2000054,chronic,54,6.0,15.0,1.08,0.85,0.001,0.33,1.0,1000,12,200,1584,500,24.0,False,1056.0,20000,20000.0,3325,3325,0.5537974683544303,1.0,3317,26,2427,0,445118,568306
2000044,chronic,44,6.0,15.0,1.08,0.85,0.001,0.33,1.0,1000,24,200,792,500,24.0,False,1104.0,20000,20000.0,3459,3459,0.5761159227181879,1.0,3433,35,2899,0,418283,504631
2000052,chronic,52,6.0,15.0,1.08,0.85,0.001,0.33,1.0,1000,12,200,1584,500,24.0,False,1248.0,20000,20000.0,3298,3298,0.5493004663557628,1.0,3292,29,2164,0,441980,565072
2000053,chronic,53,6.0,15.0,1.08,0.85,0.001,0.33,1.0,1000,24,200,792,500,24.0,False,768.0,20000,20000.0,3436,3436,0.5722851432378414,1.0,3422,24,2352,0,400580,487419
2000070,chronic,70,6.0,15.0,1.08,0.85,0.001,0.33,1.0,1000,24,200,792,500,24.0,False,912.0,20000,20000.0,3509,3509,0.5844437041972018,1.0,3487,22,2256,0,391636,478427
2000066,chronic,66,6.0,15.0,1.08,0.85,0.001,0.33,1.0,1000,48,200,396,500,24.0,False,768.0,20000,20000.0,3491,3491,0.5814457028647568,1.0,3488,28,2300,0,263278,306034
2000060,chronic,60,6.0,15.0,1.08,0.85,0.001,0.33,1.0,1000,24,200,792,500,24.0,False,1176.0,20000,20000.0,3462,3462,0.5766155896069287,1.0,3449,20,2122,0,392208,478341
2000069,chronic,69,6.0,15.0,1.08,0.85,0.001,0.33,1.0,1000,24,200,792,500,24.0,False,1104.0,20000,20000.0,3444,3444,0.5736175882744837,1.0,3437,24,2369,0,398146,484113
2000067,chronic,67,6.0,15.0,1.08,0.85,0.001,0.33,1.0,1000,12,200,1584,500,24.0,False,1080.0,20000,20000.0,3330,3330,0.5546302465023317,1.0,3323,21,2339,0,447800,571150
2000058,chronic,58,6.0,15.0,1.08,0.85,0.001,0.33,1.0,1000,24,200,792,500,24.0,False,1080.0,20000,20000.0,3451,3451,0.5747834776815456,1.0,3437,26,2328,0,393111,479400
2000062,chronic,62,6.0,15.0,1.08,0.85,0.001,0.33,1.0,1000,12,200,1584,500,24.0,False,1080.0,20000,20000.0,3299,3299,0.5494670219853431,1.0,3293,18,2439,0,453199,576257
2000056,chronic,56,6.0,15.0,1.08,0.85,0.001,0.33,1.0,1000,12,200,1584,500,24.0,False,768.0,20000,20000.0,3322,3322,0.5532978014656895,1.0,3315,23,2240,0,440282,564105
2000059,chronic,59,6.0,15.0,1.08,0.85,0.001,0.33,1.0,1000,12,200,1584,500,24.0,False,1056.0,20000,20000.0,3314,3314,0.5519653564290473,1.0,3307,28,2289,0,443315,566785
2000063,chronic,63,6.0,15.0,1.08,0.85,0.001,0.33,1.0,1000,12,200,1584,500,24.0,False,1032.0,20000,20000.0,3297,3297,0.5491339107261826,1.0,3290,28,2110,0,442409,565526
2000064,chronic,64,6.0,15.0,1.08,0.85,0.001,0.33,1.0,1000,12,200,1584,500,24.0,False,1032.0,20000,20000.0,3375,3375,0.5621252498334444,1.0,3369,24,2159,0,445724,569116
2000057,chronic,57,6.0,15.0,1.08,0.85,0.001,0.33,1.0,1000,12,200,1584,500,24.0,False,768.0,20000,20000.0,3306,3306,0.5506329113924051,1.0,3297,20,2201,0,450450,574408
2000061,chronic,61,6.0,15.0,1.08,0.85,0.001,0.33,1.0,1000,24,200,792,500,24.0,False,1008.0,20000,20000.0,3455,3455,0.5754497001998667,1.0,3441,25,2171,0,389075,475558
2000065,chronic,65,6.0,15.0,1.08,0.85,0.001,0.33,1.0,1000,12,200,1584,500,24.0,False,960.0,20000,20000.0,3298,3298,0.5493004663557628,1.0,3286,23,2016,0,444589,567849
2000071,chronic,71,6.0,15.0,1.08,0.85,0.001,0.33,1.0,1000,12,200,1584,500,24.0,False,888.0,20000,20000.0,3299,3299,0.5494670219853431,1.0,3290,19,2010,0,432429,556135
2000068,chronic,68,6.0,15.0,1.08,0.85,0.001,0.33,1.0,1000,24,200,792,500,24.0,False,888.0,20000,20000.0,3429,3429,0.5711192538307794,1.0,3421,23,2343,0,404430,490723
2000082,chronic,82,6.0,15.0,1.08,0.85,0.001,0.33,1.0,1000,12,200,1584,500,24.0,False,960.0,20000,20000.0,3316,3316,0.5522984676882079,1.0,3304,23,2197,0,435299,558599
2000086,chronic,86,6.0,15.0,1.08,0.85,0.001,0.33,1.0,1000,12,200,1584,500,24.0,False,1080.0,20000,20000.0,3313,3313,0.551798800799467,1.0,3309,29,2376,0,449214,572524
2000079,chronic,79,6.0,15.0,1.08,0.85,0.001,0.33,1.0,1000,48,200,396,500,24.0,False,1008.0,20000,20000.0,3470,3470,0.5779480346435709,1.0,3468,22,2163,0,263269,305884
2000087,chronic,87,6.0,15.0,1.08,0.85,0.001,0.33,1.0,1000,12,200,1584,500,24.0,False,1032.0,20000,20000.0,3322,3322,0.5532978014656895,1.0,3313,24,2529,0,454484,577951
2000073,chronic,73,6.0,15.0,1.08,0.85,0.001,0.33,1.0,1000,12,200,1584,500,24.0,False,1056.0,20000,20000.0,3323,3323,0.5534643570952699,1.0,3319,22,2101,0,447110,570414
2000077,chronic,77,6.0,15.0,1.08,0.85,0.001,0.33,1.0,1000,12,200,1584,500,24.0,False,984.0,20000,20000.0,3344,3344,0.5569620253164557,1.0,3333,26,2175,0,444333,567642
2000076,chronic,76,6.0,15.0,1.08,0.85,0.001,0.33,1.0,1000,48,200,396,500,24.0,False,1224.0,20000,20000.0,3464,3464,0.5769487008660893,1.0,3463,36,2437,0,273182,315840
2000078,chronic,78,6.0,15.0,1.08,0.85,0.001,0.33,1.0,1000,24,200,792,500,24.0,False,696.0,20000,20000.0,3508,3508,0.5842771485676216,1.0,3501,30,2139,0,398670,484740
2000081,chronic,81,6.0,15.0,1.08,0.85,0.001,0.33,1.0,1000,24,200,792,500,24.0,False,840.0,20000,20000.0,3455,3455,0.5754497001998667,1.0,3439,21,2528,0,403763,490513
2000074,chronic,74,6.0,15.0,1.08,0.85,0.001,0.33,1.0,1000,24,200,792,500,24.0,False,888.0,20000,20000.0,3487,3487,0.5807794803464357,1.0,3468,15,2249,0,393437,479893
2000075,chronic,75,6.0,15.0,1.08,0.85,0.001,0.33,1.0,1000,12,200,1584,500,24.0,False,912.0,20000,20000.0,3322,3322,0.5532978014656895,1.0,3314,21,2186,0,449464,573004
2000072,chronic,72,6.0,15.0,1.08,0.85,0.001,0.33,1.0,1000,12,200,1584,500,24.0,False,1176.0,20000,20000.0,3339,3339,0.5561292471685543,1.0,3333,18,1936,0,435544,558748
2000083,chronic,83,6.0,15.0,1.08,0.85,0.001,0.33,1.0,1000,48,200,396,500,24.0,False,1008.0,20000,20000.0,3466,3466,0.5772818121252499,1.0,3462,27,2398,0,263712,306567
2000080,chronic,80,6.0,15.0,1.08,0.85,0.001,0.33,1.0,1000,48,200,396,500,24.0,False,600.0,20000,20000.0,3522,3522,0.5866089273817455,1.0,3521,18,2456,0,264804,308010
2000084,chronic,84,6.0,15.0,1.08,0.85,0.001,0.33,1.0,1000,24,200,792,500,24.0,False,816.0,20000,20000.0,3439,3439,0.5727848101265823,1.0,3418,24,2245,0,402858,489290
2000085,chronic,85,6.0,15.0,1.08,0.85,0.001,0.33,1.0,1000,12,200,1584,500,24.0,False,816.0,20000,20000.0,3330,3330,0.5546302465023317,1.0,3325,23,2104,0,440549,564003
2000095,chronic,95,6.0,15.0,1.08,0.85,0.001,0.33,1.0,1000,12,200,1584,500,24.0,False,1152.0,20000,20000.0,3326,3326,0.5539640239840107,1.0,3319,27,2461,0,447891,571362
2000092,chronic,92,6.0,15.0,1.08,0.85,0.001,0.33,1.0,1000,48,200,396,500,24.0,False,1032.0,20000,20000.0,3468,3468,0.5776149233844103,1.0,3466,28,2612,0,275006,318032
2000088,chronic,88,6.0,15.0,1.08,0.85,0.001,0.33,1.0,1000,48,200,396,500,24.0,False,1104.0,20000,20000.0,3501,3501,0.5831112591605596,1.0,3498,27,2459,0,271226,314017
2000090,chronic,90,6.0,15.0,1.08,0.85,0.001,0.33,1.0,1000,48,200,396,500,24.0,False,1008.0,20000,20000.0,3484,3484,0.5802798134576949,1.0,3482,25,2513,0,270445,313278
2000096,chronic,96,6.0,15.0,1.08,0.85,0.001,0.33,1.0,1000,48,200,396,500,24.0,False,864.0,20000,20000.0,3473,3473,0.5784477015323118,1.0,3473,27,2165,0,259346,302044
2000091,chronic,91,6.0,15.0,1.08,0.85,0.001,0.33,1.0,1000,48,200,396,500,24.0,False,960.0,20000,20000.0,3463,3463,0.576782145236509,1.0,3459,25,1908,0,254194,296504
2000094,chronic,94,6.0,15.0,1.08,0.85,0.001,0.33,1.0,1000,48,200,396,500,24.0,False,1056.0,20000,20000.0,3499,3499,0.582778147901399,1.0,3495,23,2394,0,273871,316349
2000097,chronic,97,6.0,15.0,1.08,0.85,0.001,0.33,1.0,1000,12,200,1584,500,24.0,False,1032.0,20000,20000.0,3337,3337,0.5557961359093937,1.0,3329,30,2437,0,442294,566103
2000089,chronic,89,6.0,15.0,1.08,0.85,0.001,0.33,1.0,1000,12,200,1584,500,24.0,False,1056.0,20000,20000.0,3295,3295,0.548800799467022,1.0,3290,29,2295,0,450527,574011
2000093,chronic,93,6.0,15.0,1.08,0.85,0.001,0.33,1.0,1000,24,200,792,500,24.0,False,1080.0,20000,20000.0,3466,3466,0.5772818121252499,1.0,3459,19,2559,0,409869,496297
2000098,chronic,98,6.0,15.0,1.08,0.85,0.001,0.33,1.0,1000,48,200,396,500,24.0,False,936.0,20000,20000.0,3481,3481,0.579780146568954,1.0,3479,26,2053,0,247534,289960
2000099,chronic,99,6.0,15.0,1.08,0.85,0.001,0.33,1.0,1000,48,200,396,500,24.0,False,1008.0,20000,20000.0,3456,3456,0.5756162558294471,1.0,3455,26,2422,0,274611,317440
