run_id,scenario,seed,tau_d,cyc_h,Twake,sigma,pRevert,wound_start_h,wound_freq_h,wound_size,wounds_inflicted,stop_threshold,check_every_h,wounding_stops_on_threshold,clone_established_at_h,target_hours,elapsed_h,final_clone_size,final_cells_total,final_density,final_clone_frac,final_burden,rev_total,rev_lost,shed_total,div_total
0,none,0,6.0,15.0,1.08,0.85,0.001,,,,0,500,24.0,False,,20000,20000.0,16,3335,0.5554630246502332,0.0047976011994002995,65,393,5262,508009,510602
12,none,12,6.0,15.0,1.08,0.85,0.001,,,,0,500,24.0,False,,20000,20000.0,57,3246,0.5406395736175883,0.01756007393715342,106,474,5464,500221,502927
14,none,14,6.0,15.0,1.08,0.85,0.001,,,,0,500,24.0,False,,20000,20000.0,11,3392,0.5649566955363091,0.003242924528301887,85,458,4332,489540,491260
5,none,5,6.0,15.0,1.08,0.85,0.001,,,,0,500,24.0,False,,20000,20000.0,11,3236,0.5389740173217855,0.003399258343634116,86,461,7003,538606,542841
15,none,15,6.0,15.0,1.08,0.85,0.001,,,,0,500,24.0,False,,20000,20000.0,81,3335,0.5554630246502332,0.024287856071964018,162,409,8725,540870,546926
6,none,6,6.0,15.0,1.08,0.85,0.001,,,,0,500,24.0,False,,20000,20000.0,160,3300,0.5496335776149234,0.048484848484848485,230,441,5502,520296,523094
4,none,4,6.0,15.0,1.08,0.85,0.001,,,,0,500,24.0,False,,20000,20000.0,3,3467,0.5774483677548301,0.0008653014133256418,31,423,5964,508978,512405
9,none,9,6.0,15.0,1.08,0.85,0.001,,,,0,500,24.0,False,,20000,20000.0,187,3278,0.5459693537641572,0.05704697986577181,262,418,8253,558538,564065
10,none,10,6.0,15.0,1.08,0.85,0.001,,,,0,500,24.0,False,,20000,20000.0,82,3339,0.5561292471685543,0.024558250973345314,145,406,8659,543116,549110
2,none,2,6.0,15.0,1.08,0.85,0.001,,,,0,500,24.0,False,,20000,20000.0,7,3288,0.54763491005996,0.0021289537712895377,48,429,4647,498956,500887
1,none,1,6.0,15.0,1.08,0.85,0.001,,,,0,500,24.0,False,,20000,20000.0,39,3215,0.5354763491005996,0.012130637636080872,167,397,7863,533836,538910
7,none,7,6.0,15.0,1.08,0.85,0.001,,,,0,500,24.0,False,,20000,20000.0,27,3210,0.5346435709526982,0.008411214953271028,127,393,8531,552072,557809
8,none,8,6.0,15.0,1.08,0.85,0.001,,,,0,500,24.0,False,,20000,20000.0,7,3350,0.5579613590939374,0.00208955223880597,115,406,12132,627506,636984
13,none,13,6.0,15.0,1.08,0.85,0.001,,,,0,500,24.0,False,,20000,20000.0,15,3307,0.5507994670219853,0.004535833081342607,125,462,10604,577770,585677
11,none,11,6.0,15.0,1.08,0.85,0.001,,,,0,500,24.0,False,,20000,20000.0,5,3227,0.537475016655563,0.0015494267121165168,68,441,10551,578610,586384
3,none,3,6.0,15.0,1.08,0.85,0.001,,,,0,500,24.0,False,6672.0,20000,20000.0,1728,3118,0.5193204530313125,0.5542014111610006,1754,326,15089,1122586,1134789
17,none,17,6.0,15.0,1.08,0.85,0.001,,,,0,500,24.0,False,,20000,20000.0,5,3368,0.5609593604263824,0.0014845605700712589,37,433,2429,475764,475557
31,none,31,6.0,15.0,1.08,0.85,0.001,,,,0,500,24.0,False,,20000,20000.0,15,3214,0.5353097934710194,0.004667081518357187,103,452,3916,487629,488755
18,none,18,6.0,15.0,1.08,0.85,0.001,,,,0,500,24.0,False,,20000,20000.0,14,3255,0.5421385742838108,0.004301075268817204,97,450,3608,485196,486055
16,none,16,6.0,15.0,1.08,0.85,0.001,,,,0,500,24.0,False,,20000,20000.0,238,3274,0.5453031312458361,0.07269395235186317,308,433,8952,545383,551605
24,none,24,6.0,15.0,1.08,0.85,0.001,,,,0,500,24.0,False,,20000,20000.0,7,3375,0.5621252498334444,0.002074074074074074,51,480,4614,497597,499582
25,none,25,6.0,15.0,1.08,0.85,0.001,,,,0,500,24.0,False,,20000,20000.0,9,3353,0.5584610259826782,0.0026841634357291978,31,430,7835,522363,527547
26,none,26,6.0,15.0,1.08,0.85,0.001,,,,0,500,24.0,False,,20000,20000.0,6,3323,0.5534643570952699,0.0018055973517905506,72,412,3774,490960,492053
27,none,27,6.0,15.0,1.08,0.85,0.001,,,,0,500,24.0,False,,20000,20000.0,10,3313,0.551798800799467,0.003018412315122246,38,422,9881,569081,576271
28,none,28,6.0,15.0,1.08,0.85,0.001,,,,0,500,24.0,False,,20000,20000.0,150,3313,0.551798800799467,0.04527618472683369,211,402,5579,511821,514709
21,none,21,6.0,15.0,1.08,0.85,0.001,,,,0,500,24.0,False,,20000,20000.0,5,3330,0.5546302465023317,0.0015015015015015015,30,460,5490,502322,505138
19,none,19,6.0,15.0,1.08,0.85,0.001,,,,0,500,24.0,False,16992.0,20000,20000.0,794,3186,0.5306462358427715,0.24921531701192717,835,392,9397,617724,624303
23,none,23,6.0,15.0,1.08,0.85,0.001,,,,0,500,24.0,False,,20000,20000.0,16,3156,0.5256495669553631,0.005069708491761723,99,409,8331,554326,559809
30,none,30,6.0,15.0,1.08,0.85,0.001,,,,0,500,24.0,False,,20000,20000.0,5,3252,0.5416389073950699,0.0015375153751537515,37,431,8632,549810,555690
20,none,20,6.0,15.0,1.08,0.85,0.001,,,,0,500,24.0,False,14112.0,20000,20000.0,115,3209,0.534477015323118,0.035836709255219694,272,415,9619,591969,598793
22,none,22,6.0,15.0,1.08,0.85,0.001,,,,0,500,24.0,False,,20000,20000.0,128,3215,0.5354763491005996,0.03981337480559875,313,457,8670,548170,554051
29,none,29,6.0,15.0,1.08,0.85,0.001,,,,0,500,24.0,False,,20000,20000.0,8,3187,0.5308127914723517,0.0025101976780671476,131,417,7048,530700,534931
34,none,34,6.0,15.0,1.08,0.85,0.001,,,,0,500,24.0,False,,20000,20000.0,390,3277,0.545802798134577,0.1190112908147696,468,417,10199,624337,631809
33,none,33,6.0,15.0,1.08,0.85,0.001,,,,0,500,24.0,False,,20000,20000.0,258,3242,0.5399733510992671,0.0795805058605799,321,436,6756,521865,525859
44,none,44,6.0,15.0,1.08,0.85,0.001,,,,0,500,24.0,False,,20000,20000.0,10,3331,0.5547968021319121,0.003002101471029721,47,422,6754,545589,549670
32,none,32,6.0,15.0,1.08,0.85,0.001,,,,0,500,24.0,False,,20000,20000.0,148,3332,0.5549633577614923,0.04441776710684274,274,422,10421,584895,592644
38,none,38,6.0,15.0,1.08,0.85,0.001,,,,0,500,24.0,False,,20000,20000.0,4,3302,0.549966688874084,0.0012113870381586917,37,433,6312,512352,515962
45,none,45,6.0,15.0,1.08,0.85,0.001,,,,0,500,24.0,False,,20000,20000.0,10,3305,0.5504663557628248,0.0030257186081694403,76,431,9342,558669,565312
43,none,43,6.0,15.0,1.08,0.85,0.001,,,,0,500,24.0,False,,20000,20000.0,5,3321,0.5531312458361093,0.0015055706112616681,36,411,7757,545360,550434
36,none,36,6.0,15.0,1.08,0.85,0.001,,,,0,500,24.0,False,,20000,20000.0,51,3312,0.5516322451698867,0.015398550724637682,136,444,7778,528222,533308
35,none,35,6.0,15.0,1.08,0.85,0.001,,,,0,500,24.0,False,,20000,20000.0,2,3387,0.5641239173884077,0.000590493061706525,23,439,5321,499604,502308
40,none,40,6.0,15.0,1.08,0.85,0.001,,,,0,500,24.0,False,,20000,20000.0,24,3389,0.5644570286475683,0.007081735025081145,85,420,6569,510417,514371
47,none,47,6.0,15.0,1.08,0.85,0.001,,,,0,500,24.0,False,17280.0,20000,20000.0,815,3242,0.5399733510992671,0.2513880320789636,877,393,10068,645706,653012
42,none,42,6.0,15.0,1.08,0.85,0.001,,,,0,500,24.0,False,,20000,20000.0,52,3213,0.535143237841439,0.016184251478369126,98,432,6443,518935,522587
46,none,46,6.0,15.0,1.08,0.85,0.001,,,,0,500,24.0,False,,20000,20000.0,19,3223,0.5368087941372418,0.00589512876202296,80,448,6271,517500,520990
39,none,39,6.0,15.0,1.08,0.85,0.001,,,,0,500,24.0,False,16608.0,20000,20000.0,872,3188,0.5309793471019321,0.27352572145545795,953,418,10132,631079,638395
41,none,41,6.0,15.0,1.08,0.85,0.001,,,,0,500,24.0,False,13224.0,20000,20000.0,8,3312,0.5516322451698867,0.0024154589371980675,71,408,12676,645331,655315
37,none,37,6.0,15.0,1.08,0.85,0.001,,,,0,500,24.0,False,,20000,20000.0,11,3374,0.5619586942038641,0.003260225251926497,35,438,6779,517912,522061
51,none,51,6.0,15.0,1.08,0.85,0.001,,,,0,500,24.0,False,,20000,20000.0,12,3326,0.5539640239840107,0.0036079374624173183,63,465,6237,513915,517474
54,none,54,6.0,15.0,1.08,0.85,0.001,,,,0,500,24.0,False,,20000,20000.0,11,3335,0.5554630246502332,0.003298350824587706,57,428,4549,493910,495790
57,none,57,6.0,15.0,1.08,0.85,0.001,,,,0,500,24.0,False,,20000,20000.0,184,3255,0.5421385742838108,0.0565284178187404,304,474,10184,562039,569474
53,none,53,6.0,15.0,1.08,0.85,0.001,,,,0,500,24.0,False,,20000,20000.0,7,3289,0.5478014656895404,0.002128306476132563,103,465,3154,479714,480153
62,none,62,6.0,15.0,1.08,0.85,0.001,,,,0,500,24.0,False,,20000,20000.0,24,3304,0.5502998001332445,0.007263922518159807,73,425,4973,499256,501529
50,none,50,6.0,15.0,1.08,0.85,0.001,,,,0,500,24.0,False,,20000,20000.0,10,3351,0.5581279147235176,0.0029841838257236644,41,448,5121,500726,503194
56,none,56,6.0,15.0,1.08,0.85,0.001,,,,0,500,24.0,False,,20000,20000.0,67,3290,0.5479680213191206,0.020364741641337385,108,444,7010,521459,525755
49,none,49,6.0,15.0,1.08,0.85,0.001,,,,0,500,24.0,False,,20000,20000.0,15,3247,0.5408061292471685,0.004619648906683092,121,396,10519,564136,571898
58,none,58,6.0,15.0,1.08,0.85,0.001,,,,0,500,24.0,False,,20000,20000.0,3,3352,0.558294470353098,0.0008949880668257757,12,443,7680,537846,542874
48,none,48,6.0,15.0,1.08,0.85,0.001,,,,0,500,24.0,False,15480.0,20000,20000.0,147,3243,0.5401399067288475,0.045328399629972246,280,397,14773,676393,688405
55,none,55,6.0,15.0,1.08,0.85,0.001,,,,0,500,24.0,False,,20000,20000.0,154,3233,0.5384743504330446,0.04763377667800804,226,412,8137,540401,545767
52,none,52,6.0,15.0,1.08,0.85,0.001,,,,0,500,24.0,False,,20000,20000.0,174,3237,0.5391405729513657,0.05375347544022243,214,448,11602,601748,610583
60,none,60,6.0,15.0,1.08,0.85,0.001,,,,0,500,24.0,False,,20000,20000.0,161,3192,0.5316455696202531,0.05043859649122807,242,416,9660,556994,563842
61,none,61,6.0,15.0,1.08,0.85,0.001,,,,0,500,24.0,False,,20000,20000.0,3,3379,0.5627914723517655,0.0008878366380585972,22,434,5836,508042,511253
63,none,63,6.0,15.0,1.08,0.85,0.001,,,,0,500,24.0,False,,20000,20000.0,48,3189,0.5311459027315123,0.015051740357478834,82,412,5325,507014,509524
59,none,59,6.0,15.0,1.08,0.85,0.001,,,,0,500,24.0,False,,20000,20000.0,2,3304,0.5502998001332445,0.0006053268765133172,25,415,9798,574287,581385
70,none,70,6.0,15.0,1.08,0.85,0.001,,,,0,500,24.0,False,,20000,20000.0,199,3247,0.5408061292471685,0.06128734216199569,281,434,4778,497610,499631
68,none,68,6.0,15.0,1.08,0.85,0.001,,,,0,500,24.0,False,,20000,20000.0,33,3265,0.5438041305796136,0.01010719754977029,149,422,6520,516716,520497
79,none,79,6.0,15.0,1.08,0.85,0.001,,,,0,500,24.0,False,16248.0,20000,20000.0,254,3197,0.5324783477681546,0.07944948389114795,317,415,8881,600187,606261
73,none,73,6.0,15.0,1.08,0.85,0.001,,,,0,500,24.0,False,,20000,20000.0,59,3298,0.5493004663557628,0.017889630078835657,157,383,9024,547186,553504
77,none,77,6.0,15.0,1.08,0.85,0.001,,,,0,500,24.0,False,,20000,20000.0,21,3276,0.5456362425049966,0.00641025641025641,147,470,7718,539661,544651
65,none,65,6.0,15.0,1.08,0.85,0.001,,,,0,500,24.0,False,,20000,20000.0,188,3258,0.5426382411725517,0.057704112952731736,227,449,6335,516584,520173
78,none,78,6.0,15.0,1.08,0.85,0.001,,,,0,500,24.0,False,,20000,20000.0,6,3318,0.5526315789473685,0.0018083182640144665,45,424,7128,513521,517963
64,none,64,6.0,15.0,1.08,0.85,0.001,,,,0,500,24.0,False,,20000,20000.0,2,3314,0.5519653564290473,0.0006035003017501509,25,446,5359,496559,499228
71,none,71,6.0,15.0,1.08,0.85,0.001,,,,0,500,24.0,False,,20000,20000.0,8,3346,0.5572951365756162,0.002390914524805738,54,479,7057,532847,537246
69,none,69,6.0,15.0,1.08,0.85,0.001,,,,0,500,24.0,False,,20000,20000.0,13,3257,0.5424716855429713,0.003991403131716303,139,412,5856,507330,510439
76,none,76,6.0,15.0,1.08,0.85,0.001,,,,0,500,24.0,False,,20000,20000.0,4,3340,0.5562958027981346,0.0011976047904191617,27,462,5638,508817,511791
74,none,74,6.0,15.0,1.08,0.85,0.001,,,,0,500,24.0,False,,20000,20000.0,31,3267,0.5441372418387741,0.009488827670645853,72,414,4588,499130,500981
72,none,72,6.0,15.0,1.08,0.85,0.001,,,,0,500,24.0,False,17976.0,20000,20000.0,756,3162,0.5266489007328448,0.23908918406072105,840,418,7942,582958,588058
67,none,67,6.0,15.0,1.08,0.85,0.001,,,,0,500,24.0,False,12264.0,20000,20000.0,493,3233,0.5384743504330446,0.15248994741725952,605,385,14175,723335,734739
66,none,66,6.0,15.0,1.08,0.85,0.001,,,,0,500,24.0,False,13272.0,20000,20000.0,460,3206,0.533977348434377,0.14348097317529632,535,421,10729,654592,662523
75,none,75,6.0,15.0,1.08,0.85,0.001,,,,0,500,24.0,False,14328.0,20000,20000.0,14,3210,0.5346435709526982,0.004361370716510903,63,407,10820,603320,611346
89,none,89,6.0,15.0,1.08,0.85,0.001,,,,0,500,24.0,False,,20000,20000.0,238,3222,0.5366422385076616,0.07386716325263812,293,448,4315,496281,497814
93,none,93,6.0,15.0,1.08,0.85,0.001,,,,0,500,24.0,False,,20000,20000.0,46,3266,0.5439706862091939,0.014084507042253521,78,395,9264,566160,572686
88,none,88,6.0,15.0,1.08,0.85,0.001,,,,0,500,24.0,False,,20000,20000.0,166,3325,0.5537974683544303,0.04992481203007519,277,441,6837,520074,524232
83,none,83,6.0,15.0,1.08,0.85,0.001,,,,0,500,24.0,False,,20000,20000.0,10,3407,0.5674550299800133,0.0029351335485764602,47,445,5475,523943,526821
84,none,84,6.0,15.0,1.08,0.85,0.001,,,,0,500,24.0,False,,20000,20000.0,25,3307,0.5507994670219853,0.0075597218022376775,68,431,5198,502806,505307
86,none,86,6.0,15.0,1.08,0.85,0.001,,,,0,500,24.0,False,,20000,20000.0,4,3297,0.5491339107261826,0.001213224143160449,41,444,6879,512925,517097
94,none,94,6.0,15.0,1.08,0.85,0.001,,,,0,500,24.0,False,,20000,20000.0,2,3441,0.5731179213857428,0.0005812263876780006,17,441,3660,485505,486602
80,none,80,6.0,15.0,1.08,0.85,0.001,,,,0,500,24.0,False,,20000,20000.0,9,3347,0.5574616922051966,0.00268897520167314,76,455,6923,511758,516024
90,none,90,6.0,15.0,1.08,0.85,0.001,,,,0,500,24.0,False,,20000,20000.0,49,3264,0.5436375749500333,0.015012254901960785,176,432,6260,505895,509415
81,none,81,6.0,15.0,1.08,0.85,0.001,,,,0,500,24.0,False,,20000,20000.0,51,3358,0.5592938041305796,0.015187611673615247,203,460,10598,592915,600867
85,none,85,6.0,15.0,1.08,0.85,0.001,,,,0,500,24.0,False,,20000,20000.0,83,3276,0.5456362425049966,0.025335775335775336,205,411,9231,563496,569999
91,none,91,6.0,15.0,1.08,0.85,0.001,,,,0,500,24.0,False,,20000,20000.0,17,3311,0.5514656895403065,0.005134400483237693,85,447,7831,530186,535324
92,none,92,6.0,15.0,1.08,0.85,0.001,,,,0,500,24.0,False,10560.0,20000,20000.0,599,3192,0.5316455696202531,0.18765664160401002,699,389,15486,835296,847970
82,none,82,6.0,15.0,1.08,0.85,0.001,,,,0,500,24.0,False,17664.0,20000,20000.0,85,3227,0.537475016655563,0.026340254105980787,264,437,8568,575831,581622
95,none,95,6.0,15.0,1.08,0.85,0.001,,,,0,500,24.0,False,,20000,20000.0,406,3193,0.5318121252498335,0.1271531475101785,459,435,7686,548729,553604
87,none,87,6.0,15.0,1.08,0.85,0.001,,,,0,500,24.0,False,,20000,20000.0,154,3228,0.5376415722851432,0.04770755885997522,272,448,9707,561599,568530
98,none,98,6.0,15.0,1.08,0.85,0.001,,,,0,500,24.0,False,,20000,20000.0,56,3429,0.5711192538307794,0.016331291921843103,89,469,6650,511194,515269
97,none,97,6.0,15.0,1.08,0.85,0.001,,,,0,500,24.0,False,,20000,20000.0,3,3371,0.5614590273151232,0.0008899436369029962,8,400,4901,502131,504399
96,none,96,6.0,15.0,1.08,0.85,0.001,,,,0,500,24.0,False,,20000,20000.0,81,3285,0.5471352431712192,0.024657534246575342,132,440,8879,550158,556318
99,none,99,6.0,15.0,1.08,0.85,0.001,,,,0,500,24.0,False,,20000,20000.0,5,3298,0.5493004663557628,0.0015160703456640388,27,418,7980,541133,546407
100006,chronic,6,6.0,15.0,1.08,0.85,0.001,1000,48,200,396,500,24.0,False,8640.0,20000,20000.0,2316,3097,0.5158227848101266,0.7478204714239587,2340,270,16259,1190179,1233677
100005,chronic,5,6.0,15.0,1.08,0.85,0.001,1000,48,200,396,500,24.0,False,6816.0,20000,20000.0,1995,3147,0.5241505662891406,0.6339370829361296,2040,280,15763,1275293,1318475
100003,chronic,3,6.0,15.0,1.08,0.85,0.001,1000,12,200,1584,500,24.0,False,1968.0,20000,20000.0,2979,2979,0.49616922051965356,1.0,2937,126,13603,1900019,2017638
100011,chronic,11,6.0,15.0,1.08,0.85,0.001,1000,24,200,792,500,24.0,False,2232.0,20000,20000.0,2852,3066,0.5106595602931379,0.9302022178734507,2804,162,18133,1776758,1852178
100004,chronic,4,6.0,15.0,1.08,0.85,0.001,1000,12,200,1584,500,24.0,False,3120.0,20000,20000.0,2992,2992,0.4983344437041972,1.0,2948,123,11778,1814346,1927989
100010,chronic,10,6.0,15.0,1.08,0.85,0.001,1000,48,200,396,500,24.0,False,7104.0,20000,20000.0,2105,3080,0.5129913391072618,0.6834415584415584,2120,275,15235,1281113,1323773
100007,chronic,7,6.0,15.0,1.08,0.85,0.001,1000,24,200,792,500,24.0,False,3168.0,20000,20000.0,3058,3058,0.5093271152564957,1.0,3016,173,15830,1745564,1818919
100001,chronic,1,6.0,15.0,1.08,0.85,0.001,1000,12,200,1584,500,24.0,False,2328.0,20000,20000.0,2717,2946,0.49067288474350435,0.9222674813306178,2706,178,17728,1707923,1826977
100002,chronic,2,6.0,15.0,1.08,0.85,0.001,1000,12,200,1584,500,24.0,False,2208.0,20000,20000.0,2730,3008,0.5009993337774816,0.9075797872340425,2703,158,15606,1802846,1921172
100009,chronic,9,6.0,15.0,1.08,0.85,0.001,1000,24,200,792,500,24.0,False,3288.0,20000,20000.0,2507,3060,0.5096602265156562,0.819281045751634,2495,210,18794,1679365,1755197
100000,chronic,0,6.0,15.0,1.08,0.85,0.001,1000,24,200,792,500,24.0,False,2400.0,20000,20000.0,2529,3067,0.5108261159227182,0.8245842843169221,2526,165,19050,1637252,1712443
100008,chronic,8,6.0,15.0,1.08,0.85,0.001,1000,12,200,1584,500,24.0,False,1968.0,20000,20000.0,2963,2963,0.4935043304463691,1.0,2940,138,12712,1798589,1913313
100017,chronic,17,6.0,15.0,1.08,0.85,0.001,1000,48,200,396,500,24.0,False,11736.0,20000,20000.0,2120,3074,0.5119920053297802,0.6896551724137931,2133,339,13423,959071,998828
100026,chronic,26,6.0,15.0,1.08,0.85,0.001,1000,48,200,396,500,24.0,False,5616.0,20000,20000.0,1826,3094,0.5153231179213857,0.590174531351002,1834,282,16933,1224101,1267609
100027,chronic,27,6.0,15.0,1.08,0.85,0.001,1000,48,200,396,500,24.0,False,7440.0,20000,20000.0,1963,3083,0.5134910059960026,0.6367174829711321,2001,281,17006,1163505,1207174
100020,chronic,20,6.0,15.0,1.08,0.85,0.001,1000,48,200,396,500,24.0,False,4008.0,20000,20000.0,1814,3089,0.5144903397734844,0.5872450631272257,1873,211,18776,1529269,1575805
100015,chronic,15,6.0,15.0,1.08,0.85,0.001,1000,12,200,1584,500,24.0,False,3120.0,20000,20000.0,3033,3033,0.5051632245169887,1.0,2982,139,12086,1820696,1934715
100016,chronic,16,6.0,15.0,1.08,0.85,0.001,1000,24,200,792,500,24.0,False,2568.0,20000,20000.0,2186,3057,0.5091605596269154,0.7150801439319594,2193,205,19373,1614003,1689031
100014,chronic,14,6.0,15.0,1.08,0.85,0.001,1000,12,200,1584,500,24.0,False,2904.0,20000,20000.0,3021,3021,0.5031645569620253,1.0,2962,138,15308,1730633,1847549
100019,chronic,19,6.0,15.0,1.08,0.85,0.001,1000,48,200,396,500,24.0,False,4416.0,20000,20000.0,2272,3075,0.5121585609593604,0.7388617886178862,2275,272,17838,1423217,1468442
100023,chronic,23,6.0,15.0,1.08,0.85,0.001,1000,24,200,792,500,24.0,False,3624.0,20000,20000.0,2347,3050,0.5079946702198535,0.7695081967213114,2341,214,18249,1552366,1625781
100025,chronic,25,6.0,15.0,1.08,0.85,0.001,1000,24,200,792,500,24.0,False,3000.0,20000,20000.0,2411,3067,0.5108261159227182,0.7861102054124551,2411,195,18258,1643775,1718075
100018,chronic,18,6.0,15.0,1.08,0.85,0.001,1000,12,200,1584,500,24.0,False,2064.0,20000,20000.0,2977,2977,0.495836109260493,1.0,2932,141,14545,1847731,1965406
100022,chronic,22,6.0,15.0,1.08,0.85,0.001,1000,12,200,1584,500,24.0,False,3024.0,20000,20000.0,2487,3020,0.502998001332445,0.8235099337748344,2505,173,16939,1655416,1773343
100012,chronic,12,6.0,15.0,1.08,0.85,0.001,1000,24,200,792,500,24.0,False,3120.0,20000,20000.0,1749,3076,0.5123251165889408,0.5685955786736021,1796,194,19552,1471095,1544377
100024,chronic,24,6.0,15.0,1.08,0.85,0.001,1000,48,200,396,500,24.0,False,4944.0,20000,20000.0,2083,3099,0.5161558960692871,0.6721523071958696,2113,252,18890,1368064,1414306
100013,chronic,13,6.0,15.0,1.08,0.85,0.001,1000,24,200,792,500,24.0,False,2880.0,20000,20000.0,3141,3141,0.5231512325116588,1.0,3054,191,16531,1714504,1787593
100021,chronic,21,6.0,15.0,1.08,0.85,0.001,1000,12,200,1584,500,24.0,False,1752.0,20000,20000.0,2922,3027,0.504163890739507,0.9653121902874133,2880,150,15856,1833314,1952794
100034,chronic,34,6.0,15.0,1.08,0.85,0.001,1000,48,200,396,500,24.0,False,7056.0,20000,20000.0,1505,3147,0.5241505662891406,0.47823323800444867,1548,301,17482,1224581,1268825
100037,chronic,37,6.0,15.0,1.08,0.85,0.001,1000,48,200,396,500,24.0,False,2664.0,20000,20000.0,3028,3028,0.5043304463690873,1.0,2976,141,12673,1907658,1949970
100028,chronic,28,6.0,15.0,1.08,0.85,0.001,1000,12,200,1584,500,24.0,False,2808.0,20000,20000.0,2337,3018,0.5026648900732845,0.7743538767395626,2329,158,17894,1681661,1800199
100039,chronic,39,6.0,15.0,1.08,0.85,0.001,1000,12,200,1584,500,24.0,False,1896.0,20000,20000.0,3043,3043,0.5068287808127915,1.0,2971,134,14691,1907435,2026069
100043,chronic,43,6.0,15.0,1.08,0.85,0.001,1000,12,200,1584,500,24.0,False,2232.0,20000,20000.0,3002,3002,0.5,1.0,2953,163,14198,1770044,1886315
100029,chronic,29,6.0,15.0,1.08,0.85,0.001,1000,48,200,396,500,24.0,False,4128.0,20000,20000.0,2708,3041,0.5064956695536309,0.8904965471884249,2689,200,18025,1599387,1645725
100038,chronic,38,6.0,15.0,1.08,0.85,0.001,1000,48,200,396,500,24.0,False,3432.0,20000,20000.0,2328,3022,0.5033311125916056,0.7703507610853739,2365,189,18484,1589629,1636450
100031,chronic,31,6.0,15.0,1.08,0.85,0.001,1000,12,200,1584,500,24.0,False,2856.0,20000,20000.0,3004,3004,0.5003331112591606,1.0,2966,126,13034,1852040,1968090
100032,chronic,32,6.0,15.0,1.08,0.85,0.001,1000,12,200,1584,500,24.0,False,2376.0,20000,20000.0,2526,3001,0.4998334443704197,0.8417194268577141,2518,156,16660,1736725,1855424
100035,chronic,35,6.0,15.0,1.08,0.85,0.001,1000,48,200,396,500,24.0,False,6264.0,20000,20000.0,1898,3133,0.5218187874750166,0.6058091286307054,1930,277,17447,1344388,1389013
100040,chronic,40,6.0,15.0,1.08,0.85,0.001,1000,24,200,792,500,24.0,False,4728.0,20000,20000.0,2094,3090,0.5146568954030646,0.6776699029126214,2129,256,19214,1364922,1436963
100033,chronic,33,6.0,15.0,1.08,0.85,0.001,1000,48,200,396,500,24.0,False,4392.0,20000,20000.0,2056,3060,0.5096602265156562,0.6718954248366014,2074,251,18306,1443292,1489128
100041,chronic,41,6.0,15.0,1.08,0.85,0.001,1000,24,200,792,500,24.0,False,2376.0,20000,20000.0,3143,3143,0.5234843437708194,1.0,3059,138,14066,1900122,1972905
100030,chronic,30,6.0,15.0,1.08,0.85,0.001,1000,48,200,396,500,24.0,False,5304.0,20000,20000.0,2279,3070,0.511325782811459,0.7423452768729641,2297,256,17544,1488022,1533853
100036,chronic,36,6.0,15.0,1.08,0.85,0.001,1000,24,200,792,500,24.0,False,3000.0,20000,20000.0,1706,3086,0.5139906728847435,0.5528191834089436,1737,236,18113,1473808,1545842
100042,chronic,42,6.0,15.0,1.08,0.85,0.001,1000,48,200,396,500,24.0,False,5136.0,20000,20000.0,1785,3140,0.5229846768820786,0.5684713375796179,1815,221,17338,1350693,1395290
100058,chronic,58,6.0,15.0,1.08,0.85,0.001,1000,48,200,396,500,24.0,False,6384.0,20000,20000.0,1788,3110,0.5179880079946703,0.5749196141479099,1825,296,15662,1179785,1222280
100047,chronic,47,6.0,15.0,1.08,0.85,0.001,1000,24,200,792,500,24.0,False,5328.0,20000,20000.0,2044,3057,0.5091605596269154,0.6686293752044488,2139,241,18972,1412541,1485228
100056,chronic,56,6.0,15.0,1.08,0.85,0.001,1000,48,200,396,500,24.0,False,4128.0,20000,20000.0,3056,3056,0.5089940039973351,1.0,3003,174,15596,1762741,1807530
100052,chronic,52,6.0,15.0,1.08,0.85,0.001,1000,24,200,792,500,24.0,False,4368.0,20000,20000.0,2693,3063,0.510159893404397,0.8792033953640223,2657,248,20248,1511284,1586338
100044,chronic,44,6.0,15.0,1.08,0.85,0.001,1000,24,200,792,500,24.0,False,4248.0,20000,20000.0,3117,3117,0.5191538974017322,1.0,3039,180,16267,1682314,1755398
100055,chronic,55,6.0,15.0,1.08,0.85,0.001,1000,12,200,1584,500,24.0,False,2160.0,20000,20000.0,2994,2994,0.49866755496335774,1.0,2948,110,10678,1895432,2009129
100053,chronic,53,6.0,15.0,1.08,0.85,0.001,1000,48,200,396,500,24.0,False,4104.0,20000,20000.0,3068,3068,0.5109926715522984,1.0,3033,201,13591,1720486,1762927
100048,chronic,48,6.0,15.0,1.08,0.85,0.001,1000,48,200,396,500,24.0,False,8688.0,20000,20000.0,1760,3076,0.5123251165889408,0.5721716514954487,1790,321,15063,1113858,1155381
100050,chronic,50,6.0,15.0,1.08,0.85,0.001,1000,24,200,792,500,24.0,False,3888.0,20000,20000.0,2397,3068,0.5109926715522984,0.7812907431551499,2413,205,17710,1502462,1574530
100059,chronic,59,6.0,15.0,1.08,0.85,0.001,1000,12,200,1584,500,24.0,False,1680.0,20000,20000.0,2827,3000,0.4996668887408394,0.9423333333333334,2792,165,16996,1747270,1866261
100049,chronic,49,6.0,15.0,1.08,0.85,0.001,1000,12,200,1584,500,24.0,False,2040.0,20000,20000.0,3096,3096,0.5156562291805463,1.0,3028,116,14290,1895049,2013360
100054,chronic,54,6.0,15.0,1.08,0.85,0.001,1000,12,200,1584,500,24.0,False,2232.0,20000,20000.0,2137,3041,0.5064956695536309,0.7027293653403486,2162,188,18417,1640632,1760202
100046,chronic,46,6.0,15.0,1.08,0.85,0.001,1000,12,200,1584,500,24.0,False,3120.0,20000,20000.0,1972,3031,0.5048301132578281,0.650610359617288,1997,218,17533,1509869,1626503
100057,chronic,57,6.0,15.0,1.08,0.85,0.001,1000,12,200,1584,500,24.0,False,2256.0,20000,20000.0,2698,2975,0.49550299800133246,0.906890756302521,2691,153,17843,1735681,1855199
100051,chronic,51,6.0,15.0,1.08,0.85,0.001,1000,12,200,1584,500,24.0,False,2376.0,20000,20000.0,2337,3023,0.5034976682211859,0.7730731061859081,2310,165,17902,1745501,1865796
100045,chronic,45,6.0,15.0,1.08,0.85,0.001,1000,24,200,792,500,24.0,False,3624.0,20000,20000.0,2346,3098,0.5159893404397069,0.7572627501613944,2335,202,18229,1531578,1604352
100074,chronic,74,6.0,15.0,1.08,0.85,0.001,1000,48,200,396,500,24.0,False,7944.0,20000,20000.0,2336,3049,0.5078281145902731,0.7661528369957363,2358,297,16974,1307017,1351609
100062,chronic,62,6.0,15.0,1.08,0.85,0.001,1000,48,200,396,500,24.0,False,4656.0,20000,20000.0,2015,3100,0.5163224516988674,0.65,2068,241,17163,1362329,1406542
100066,chronic,66,6.0,15.0,1.08,0.85,0.001,1000,12,200,1584,500,24.0,False,1752.0,20000,20000.0,3011,3022,0.5033311125916056,0.9963600264725347,2952,147,14591,1844428,1962022
100070,chronic,70,6.0,15.0,1.08,0.85,0.001,1000,12,200,1584,500,24.0,False,2352.0,20000,20000.0,2969,2980,0.49633577614923385,0.9963087248322148,2942,172,16089,1768630,1886901
100065,chronic,65,6.0,15.0,1.08,0.85,0.001,1000,24,200,792,500,24.0,False,3984.0,20000,20000.0,3094,3094,0.5153231179213857,1.0,3021,159,13794,1721426,1792470
100060,chronic,60,6.0,15.0,1.08,0.85,0.001,1000,24,200,792,500,24.0,False,5688.0,20000,20000.0,2482,3040,0.5063291139240507,0.8164473684210526,2488,271,19649,1389191,1462990
100069,chronic,69,6.0,15.0,1.08,0.85,0.001,1000,48,200,396,500,24.0,False,5688.0,20000,20000.0,2022,3075,0.5121585609593604,0.6575609756097561,2064,263,18357,1306184,1351757
100063,chronic,63,6.0,15.0,1.08,0.85,0.001,1000,24,200,792,500,24.0,False,2592.0,20000,20000.0,2339,3033,0.5051632245169887,0.7711836465545664,2374,203,18599,1573678,1647586
100068,chronic,68,6.0,15.0,1.08,0.85,0.001,1000,48,200,396,500,24.0,False,8088.0,20000,20000.0,2189,3088,0.5143237841439041,0.7088730569948186,2225,278,17287,1275811,1320532
100071,chronic,71,6.0,15.0,1.08,0.85,0.001,1000,24,200,792,500,24.0,False,2952.0,20000,20000.0,2493,3060,0.5096602265156562,0.8147058823529412,2511,239,18659,1578578,1652653
100061,chronic,61,6.0,15.0,1.08,0.85,0.001,1000,24,200,792,500,24.0,False,3576.0,20000,20000.0,1991,3125,0.5204863424383744,0.63712,1983,249,19426,1483842,1557141
100064,chronic,64,6.0,15.0,1.08,0.85,0.001,1000,24,200,792,500,24.0,False,3000.0,20000,20000.0,3008,3064,0.5103264490339774,0.9817232375979112,2959,178,17254,1652438,1725421
100072,chronic,72,6.0,15.0,1.08,0.85,0.001,1000,12,200,1584,500,24.0,False,2376.0,20000,20000.0,3010,3010,0.5013324450366422,1.0,2971,121,12879,1889413,2005307
100073,chronic,73,6.0,15.0,1.08,0.85,0.001,1000,24,200,792,500,24.0,False,3264.0,20000,20000.0,3084,3084,0.513657561625583,1.0,3027,184,16273,1698393,1771006
100075,chronic,75,6.0,15.0,1.08,0.85,0.001,1000,24,200,792,500,24.0,False,3072.0,20000,20000.0,2164,3073,0.5118254497001998,0.7041978522616336,2202,194,18900,1619691,1694169
100067,chronic,67,6.0,15.0,1.08,0.85,0.001,1000,12,200,1584,500,24.0,False,2616.0,20000,20000.0,2104,3065,0.5104930046635576,0.6864600326264274,2127,202,17548,1610853,1728269
100082,chronic,82,6.0,15.0,1.08,0.85,0.001,1000,12,200,1584,500,24.0,False,2544.0,20000,20000.0,3011,3011,0.5014990006662225,1.0,2973,147,13291,1774816,1890170
100089,chronic,89,6.0,15.0,1.08,0.85,0.001,1000,12,200,1584,500,24.0,False,2400.0,20000,20000.0,3030,3030,0.5046635576282479,1.0,2980,137,12649,1808967,1923381
100087,chronic,87,6.0,15.0,1.08,0.85,0.001,1000,12,200,1584,500,24.0,False,2976.0,20000,20000.0,3003,3003,0.5001665556295802,1.0,2952,147,11176,1855687,1969624
100091,chronic,91,6.0,15.0,1.08,0.85,0.001,1000,12,200,1584,500,24.0,False,1800.0,20000,20000.0,2988,2988,0.49766822118587606,1.0,2952,145,11805,1911210,2026472
100081,chronic,81,6.0,15.0,1.08,0.85,0.001,1000,48,200,396,500,24.0,False,5544.0,20000,20000.0,1765,3056,0.5089940039973351,0.5775523560209425,1839,249,17503,1331161,1375518
100083,chronic,83,6.0,15.0,1.08,0.85,0.001,1000,24,200,792,500,24.0,False,3816.0,20000,20000.0,1786,3125,0.5204863424383744,0.57152,1802,221,19335,1491404,1565183
100080,chronic,80,6.0,15.0,1.08,0.85,0.001,1000,24,200,792,500,24.0,False,2952.0,20000,20000.0,2264,3086,0.5139906728847435,0.7336357744653272,2282,217,19219,1650959,1726515
100084,chronic,84,6.0,15.0,1.08,0.85,0.001,1000,48,200,396,500,24.0,False,4416.0,20000,20000.0,1722,3077,0.512491672218521,0.5596360090997725,1795,262,17857,1360358,1405255
100078,chronic,78,6.0,15.0,1.08,0.85,0.001,1000,12,200,1584,500,24.0,False,1800.0,20000,20000.0,3038,3038,0.5059960026648901,1.0,2981,156,14975,1805975,1923533
100086,chronic,86,6.0,15.0,1.08,0.85,0.001,1000,12,200,1584,500,24.0,False,2040.0,20000,20000.0,2709,2949,0.49117255163224516,0.9186164801627671,2709,159,17681,1749369,1869391
100076,chronic,76,6.0,15.0,1.08,0.85,0.001,1000,24,200,792,500,24.0,False,3936.0,20000,20000.0,2911,3071,0.5114923384410394,0.9478997069358515,2878,171,17268,1692388,1766521
100088,chronic,88,6.0,15.0,1.08,0.85,0.001,1000,24,200,792,500,24.0,False,3216.0,20000,20000.0,2033,3056,0.5089940039973351,0.6652486910994765,2088,219,19073,1582562,1657600
100079,chronic,79,6.0,15.0,1.08,0.85,0.001,1000,12,200,1584,500,24.0,False,2976.0,20000,20000.0,3022,3022,0.5033311125916056,1.0,2976,134,11811,1780017,1893762
100077,chronic,77,6.0,15.0,1.08,0.85,0.001,1000,24,200,792,500,24.0,False,4320.0,20000,20000.0,1825,3122,0.5199866755496336,0.5845611787315823,1826,274,18292,1448726,1520885
100085,chronic,85,6.0,15.0,1.08,0.85,0.001,1000,12,200,1584,500,24.0,False,1968.0,20000,20000.0,2999,2999,0.4995003331112592,1.0,2962,142,17471,1754968,1874922
100090,chronic,90,6.0,15.0,1.08,0.85,0.001,1000,12,200,1584,500,24.0,False,2208.0,20000,20000.0,2871,3020,0.502998001332445,0.9506622516556291,2823,193,18319,1627389,1746448
200005,bounded,5,6.0,15.0,1.08,0.85,0.001,1000,48,200,122,500,24.0,True,6816.0,20000,20000.0,11,3395,0.5654563624250499,0.003240058910162003,47,478,7696,527957,542007
200002,bounded,2,6.0,15.0,1.08,0.85,0.001,1000,12,200,101,500,24.0,True,2208.0,20000,20000.0,65,3196,0.5323117921385743,0.020337922403003753,199,393,10925,605003,618379
200006,bounded,6,6.0,15.0,1.08,0.85,0.001,1000,48,200,160,500,24.0,True,8640.0,20000,20000.0,380,3220,0.536309127248501,0.11801242236024845,447,376,15190,704194,728187
200000,bounded,0,6.0,15.0,1.08,0.85,0.001,1000,24,200,59,500,24.0,True,2400.0,20000,20000.0,129,3314,0.5519653564290473,0.03892576946288473,184,386,16064,826753,843786
100097,chronic,97,6.0,15.0,1.08,0.85,0.001,1000,12,200,1584,500,24.0,False,3744.0,20000,20000.0,3043,3043,0.5068287808127915,1.0,2991,180,15595,1642137,1757935
200001,bounded,1,6.0,15.0,1.08,0.85,0.001,1000,12,200,111,500,24.0,True,2328.0,20000,20000.0,2432,3101,0.5164890073284477,0.7842631409222831,2407,237,17648,1425668,1445977
200007,bounded,7,6.0,15.0,1.08,0.85,0.001,1000,24,200,91,500,24.0,True,3168.0,20000,20000.0,140,3188,0.5309793471019321,0.043914680050188205,340,388,17826,768380,788895
100093,chronic,93,6.0,15.0,1.08,0.85,0.001,1000,24,200,792,500,24.0,False,2328.0,20000,20000.0,2643,3093,0.5151565622918055,0.8545101842870999,2601,162,17914,1718531,1793592
100095,chronic,95,6.0,15.0,1.08,0.85,0.001,1000,48,200,396,500,24.0,False,5208.0,20000,20000.0,2514,3070,0.511325782811459,0.8188925081433225,2528,243,17047,1477748,1522417
100098,chronic,98,6.0,15.0,1.08,0.85,0.001,1000,24,200,792,500,24.0,False,4944.0,20000,20000.0,1912,3122,0.5199866755496336,0.612427930813581,1924,265,17896,1389107,1460728
100099,chronic,99,6.0,15.0,1.08,0.85,0.001,1000,24,200,792,500,24.0,False,2208.0,20000,20000.0,3066,3066,0.5106595602931379,1.0,3020,180,16177,1825192,1899837
200003,bounded,3,6.0,15.0,1.08,0.85,0.001,1000,12,200,81,500,24.0,True,1968.0,20000,20000.0,1009,3133,0.5218187874750166,0.3220555378231727,1084,333,18625,1095652,1115712
200004,bounded,4,6.0,15.0,1.08,0.85,0.001,1000,12,200,177,500,24.0,True,3120.0,20000,20000.0,250,3240,0.5396402398401066,0.07716049382716049,333,338,17815,952317,976568
100094,chronic,94,6.0,15.0,1.08,0.85,0.001,1000,48,200,396,500,24.0,False,3168.0,20000,20000.0,1808,3074,0.5119920053297802,0.5881587508132726,1858,210,18115,1492650,1538284
100092,chronic,92,6.0,15.0,1.08,0.85,0.001,1000,24,200,792,500,24.0,False,3816.0,20000,20000.0,3122,3122,0.5199866755496336,1.0,3049,179,17560,1671641,1745815
100096,chronic,96,6.0,15.0,1.08,0.85,0.001,1000,24,200,792,500,24.0,False,2784.0,20000,20000.0,2420,3092,0.5149900066622252,0.7826649417852523,2401,203,19106,1562370,1636661
200012,bounded,12,6.0,15.0,1.08,0.85,0.001,1000,24,200,89,500,24.0,True,3120.0,20000,20000.0,6,3259,0.5428047968021319,0.001841055538508745,42,438,7175,542302,552253
200021,bounded,21,6.0,15.0,1.08,0.85,0.001,1000,12,200,63,500,24.0,True,1752.0,20000,20000.0,4,3342,0.5566289140572951,0.0011968880909634949,44,388,12580,735034,748267
200022,bounded,22,6.0,15.0,1.08,0.85,0.001,1000,12,200,169,500,24.0,True,3024.0,20000,20000.0,25,3303,0.5501332445036642,0.007568876778686043,101,417,12010,654558,672838
200015,bounded,15,6.0,15.0,1.08,0.85,0.001,1000,12,200,177,500,24.0,True,3120.0,20000,20000.0,9,3286,0.5473017988007994,0.002738892270237371,58,392,7812,532024,546168
200017,bounded,17,6.0,15.0,1.08,0.85,0.001,1000,48,200,224,500,24.0,True,11736.0,20000,20000.0,7,3317,0.5524650233177881,0.0021103406692794696,24,414,8400,549974,571569
200013,bounded,13,6.0,15.0,1.08,0.85,0.001,1000,24,200,79,500,24.0,True,2880.0,20000,20000.0,9,3297,0.5491339107261826,0.00272975432211101,39,398,13710,691410,707268
200010,bounded,10,6.0,15.0,1.08,0.85,0.001,1000,48,200,128,500,24.0,True,7104.0,20000,20000.0,201,3190,0.5313124583610926,0.06300940438871473,290,415,13156,740408,759963
200018,bounded,18,6.0,15.0,1.08,0.85,0.001,1000,12,200,89,500,24.0,True,2064.0,20000,20000.0,178,3266,0.5439706862091939,0.054500918554807105,294,448,14637,705569,722277
200014,bounded,14,6.0,15.0,1.08,0.85,0.001,1000,12,200,159,500,24.0,True,2904.0,20000,20000.0,4,3274,0.5453031312458361,0.0012217470983506415,19,345,16819,840562,863342
200020,bounded,20,6.0,15.0,1.08,0.85,0.001,1000,48,200,63,500,24.0,True,4008.0,20000,20000.0,824,3156,0.5256495669553631,0.26108998732572875,871,365,18326,889684,909646
200008,bounded,8,6.0,15.0,1.08,0.85,0.001,1000,12,200,81,500,24.0,True,1968.0,20000,20000.0,44,3188,0.5309793471019321,0.013801756587202008,197,418,11530,595363,608356
200019,bounded,19,6.0,15.0,1.08,0.85,0.001,1000,48,200,72,500,24.0,True,4416.0,20000,20000.0,1712,3117,0.5191538974017322,0.5492460699390439,1731,331,16999,1268311,1287546
200009,bounded,9,6.0,15.0,1.08,0.85,0.001,1000,24,200,96,500,24.0,True,3288.0,20000,20000.0,1732,3106,0.5173217854763491,0.557630392788152,1755,273,18450,1341362,1362891
200011,bounded,11,6.0,15.0,1.08,0.85,0.001,1000,24,200,52,500,24.0,True,2232.0,20000,20000.0,1395,3193,0.5318121252498335,0.4368932038834951,1405,291,17435,1132265,1150030
200016,bounded,16,6.0,15.0,1.08,0.85,0.001,1000,24,200,66,500,24.0,True,2568.0,20000,20000.0,325,3232,0.5383077948034644,0.10055693069306931,486,390,17832,922237,941387
200023,bounded,23,6.0,15.0,1.08,0.85,0.001,1000,24,200,110,500,24.0,True,3624.0,20000,20000.0,479,3191,0.5314790139906729,0.150109683484801,560,358,17321,987265,1008491
200035,bounded,35,6.0,15.0,1.08,0.85,0.001,1000,48,200,110,500,24.0,True,6264.0,20000,20000.0,37,3326,0.5539640239840107,0.011124473842453398,142,438,12260,615622,633097
200031,bounded,31,6.0,15.0,1.08,0.85,0.001,1000,12,200,155,500,24.0,True,2856.0,20000,20000.0,3,3318,0.5526315789473685,0.0009041591320072332,21,403,13326,664038,683098
200027,bounded,27,6.0,15.0,1.08,0.85,0.001,1000,48,200,135,500,24.0,True,7440.0,20000,20000.0,755,3216,0.5356429047301798,0.2347636815920398,799,368,16639,850572,874198
200039,bounded,39,6.0,15.0,1.08,0.85,0.001,1000,12,200,75,500,24.0,True,1896.0,20000,20000.0,198,3293,0.5484676882078614,0.06012754327361069,230,376,15237,707705,724156
200038,bounded,38,6.0,15.0,1.08,0.85,0.001,1000,48,200,51,500,24.0,True,3432.0,20000,20000.0,71,3269,0.5444703530979347,0.021719180177424288,193,393,12009,688356,701299
200025,bounded,25,6.0,15.0,1.08,0.85,0.001,1000,24,200,84,500,24.0,True,3000.0,20000,20000.0,583,3213,0.535143237841439,0.18145035792094616,690,432,13857,682731,699094
200033,bounded,33,6.0,15.0,1.08,0.85,0.001,1000,48,200,71,500,24.0,True,4392.0,20000,20000.0,9,3245,0.540473017988008,0.002773497688751926,110,424,12893,669031,684235
200030,bounded,30,6.0,15.0,1.08,0.85,0.001,1000,48,200,90,500,24.0,True,5304.0,20000,20000.0,1174,3178,0.5293137908061293,0.3694147262429201,1167,331,17475,1013965,1035112
200034,bounded,34,6.0,15.0,1.08,0.85,0.001,1000,48,200,127,500,24.0,True,7056.0,20000,20000.0,994,3195,0.532145236508994,0.3111111111111111,1015,350,16759,904090,927085
200026,bounded,26,6.0,15.0,1.08,0.85,0.001,1000,48,200,97,500,24.0,True,5616.0,20000,20000.0,512,3236,0.5389740173217855,0.15822002472187885,540,361,16387,901285,921918
200037,bounded,37,6.0,15.0,1.08,0.85,0.001,1000,48,200,35,500,24.0,True,2664.0,20000,20000.0,72,3292,0.5483011325782812,0.02187120291616039,142,381,15386,827830,843076
200036,bounded,36,6.0,15.0,1.08,0.85,0.001,1000,24,200,84,500,24.0,True,3000.0,20000,20000.0,815,3253,0.5418054630246503,0.25053796495542574,866,329,17093,1037847,1057309
200032,bounded,32,6.0,15.0,1.08,0.85,0.001,1000,12,200,115,500,24.0,True,2376.0,20000,20000.0,792,3198,0.5326449033977348,0.24765478424015008,831,293,18522,1233170,1255271
200024,bounded,24,6.0,15.0,1.08,0.85,0.001,1000,48,200,83,500,24.0,True,4944.0,20000,20000.0,1274,3108,0.5176548967355097,0.4099099099099099,1336,328,18044,1034080,1055215
200028,bounded,28,6.0,15.0,1.08,0.85,0.001,1000,12,200,151,500,24.0,True,2808.0,20000,20000.0,1430,3124,0.5203197868087941,0.45774647887323944,1453,255,17547,1325508,1348056
200029,bounded,29,6.0,15.0,1.08,0.85,0.001,1000,48,200,66,500,24.0,True,4128.0,20000,20000.0,1669,3149,0.5244836775483012,0.5300095268339156,1695,296,17742,1161050,1180623
200044,bounded,44,6.0,15.0,1.08,0.85,0.001,1000,24,200,136,500,24.0,True,4248.0,20000,20000.0,922,3233,0.5384743504330446,0.28518403959171046,988,398,14777,699774,720200
200043,bounded,43,6.0,15.0,1.08,0.85,0.001,1000,12,200,103,500,24.0,True,2232.0,20000,20000.0,780,3152,0.524983344437042,0.24746192893401014,887,403,13315,670874,686894
200047,bounded,47,6.0,15.0,1.08,0.85,0.001,1000,24,200,181,500,24.0,True,5328.0,20000,20000.0,438,3277,0.545802798134577,0.13365883429966433,485,398,17622,757794,783873
200042,bounded,42,6.0,15.0,1.08,0.85,0.001,1000,48,200,87,500,24.0,True,5136.0,20000,20000.0,63,3285,0.5471352431712192,0.019178082191780823,147,388,16053,812417,832133
200040,bounded,40,6.0,15.0,1.08,0.85,0.001,1000,24,200,156,500,24.0,True,4728.0,20000,20000.0,363,3224,0.5369753497668222,0.11259305210918114,539,407,16119,700372,723306
200051,bounded,51,6.0,15.0,1.08,0.85,0.001,1000,12,200,115,500,24.0,True,2376.0,20000,20000.0,26,3336,0.5556295802798135,0.0077937649880095924,111,392,13164,718067,735155
200052,bounded,52,6.0,15.0,1.08,0.85,0.001,1000,24,200,141,500,24.0,True,4368.0,20000,20000.0,80,3269,0.5444703530979347,0.024472315692872438,183,426,15946,708785,730887
200048,bounded,48,6.0,15.0,1.08,0.85,0.001,1000,48,200,161,500,24.0,True,8688.0,20000,20000.0,870,3162,0.5266489007328448,0.27514231499051234,932,339,14640,797976,821321
200055,bounded,55,6.0,15.0,1.08,0.85,0.001,1000,12,200,97,500,24.0,True,2160.0,20000,20000.0,69,3291,0.5481345769487008,0.020966271649954422,101,410,15633,733969,751764
200049,bounded,49,6.0,15.0,1.08,0.85,0.001,1000,12,200,87,500,24.0,True,2040.0,20000,20000.0,353,3223,0.5368087941372418,0.10952528699968973,499,387,17187,779006,798229
200050,bounded,50,6.0,15.0,1.08,0.85,0.001,1000,24,200,121,500,24.0,True,3888.0,20000,20000.0,3058,3058,0.5093271152564957,1.0,2987,237,15090,1500212,1519505
200053,bounded,53,6.0,15.0,1.08,0.85,0.001,1000,48,200,65,500,24.0,True,4104.0,20000,20000.0,1352,3182,0.5299800133244503,0.4248900062853551,1397,300,17191,1243793,1262829
200054,bounded,54,6.0,15.0,1.08,0.85,0.001,1000,12,200,103,500,24.0,True,2232.0,20000,20000.0,169,3246,0.5406395736175883,0.05206407886629698,378,359,16637,881826,901140
200045,bounded,45,6.0,15.0,1.08,0.85,0.001,1000,24,200,110,500,24.0,True,3624.0,20000,20000.0,347,3199,0.5328114590273151,0.10847139731165989,405,342,16689,965337,985876
200041,bounded,41,6.0,15.0,1.08,0.85,0.001,1000,24,200,58,500,24.0,True,2376.0,20000,20000.0,360,3219,0.5361425716189208,0.11183597390493942,442,351,17957,840802,859499
200046,bounded,46,6.0,15.0,1.08,0.85,0.001,1000,12,200,177,500,24.0,True,3120.0,20000,20000.0,2036,3059,0.509493670886076,0.6655769859431186,2098,200,17309,1633337,1657203
200064,bounded,64,6.0,15.0,1.08,0.85,0.001,1000,24,200,84,500,24.0,True,3000.0,20000,20000.0,72,3229,0.5378081279147235,0.022297925054196345,162,370,14553,683292,700210
200060,bounded,60,6.0,15.0,1.08,0.85,0.001,1000,24,200,196,500,24.0,True,5688.0,20000,20000.0,7,3341,0.5564623584277149,0.0020951810835079317,60,432,12966,612907,635646
200065,bounded,65,6.0,15.0,1.08,0.85,0.001,1000,24,200,125,500,24.0,True,3984.0,20000,20000.0,24,3412,0.5682878081279147,0.007033997655334115,59,383,10774,568343,584250
200057,bounded,57,6.0,15.0,1.08,0.85,0.001,1000,12,200,105,500,24.0,True,2256.0,20000,20000.0,373,3184,0.5303131245836109,0.11714824120603015,445,421,10616,590300,603560
200070,bounded,70,6.0,15.0,1.08,0.85,0.001,1000,12,200,113,500,24.0,True,2352.0,20000,20000.0,18,3196,0.5323117921385743,0.005632040050062578,95,405,16459,790344,809902
200059,bounded,59,6.0,15.0,1.08,0.85,0.001,1000,12,200,57,500,24.0,True,1680.0,20000,20000.0,67,3327,0.5541305796135909,0.020138262699128343,213,385,12836,688604,701655
200061,bounded,61,6.0,15.0,1.08,0.85,0.001,1000,24,200,108,500,24.0,True,3576.0,20000,20000.0,18,3236,0.5389740173217855,0.005562422744128554,68,426,13581,627972,645487
200069,bounded,69,6.0,15.0,1.08,0.85,0.001,1000,48,200,98,500,24.0,True,5688.0,20000,20000.0,82,3180,0.5296469020652899,0.02578616352201258,238,414,15303,663345,682965
200063,bounded,63,6.0,15.0,1.08,0.85,0.001,1000,24,200,67,500,24.0,True,2592.0,20000,20000.0,625,3194,0.5319786808794137,0.19567939887288666,695,327,17310,890297,908838
200062,bounded,62,6.0,15.0,1.08,0.85,0.001,1000,48,200,77,500,24.0,True,4656.0,20000,20000.0,148,3191,0.5314790139906729,0.046380445001566906,365,345,15312,804258,822255
200058,bounded,58,6.0,15.0,1.08,0.85,0.001,1000,48,200,113,500,24.0,True,6384.0,20000,20000.0,993,3220,0.536309127248501,0.30838509316770185,1058,344,14886,940801,961116
200056,bounded,56,6.0,15.0,1.08,0.85,0.001,1000,48,200,66,500,24.0,True,4128.0,20000,20000.0,51,3240,0.5396402398401066,0.01574074074074074,180,402,14227,652003,668083
200067,bounded,67,6.0,15.0,1.08,0.85,0.001,1000,12,200,135,500,24.0,True,2616.0,20000,20000.0,709,3185,0.5304796802131913,0.22260596546310832,776,390,16950,806785,828105
200068,bounded,68,6.0,15.0,1.08,0.85,0.001,1000,48,200,148,500,24.0,True,8088.0,20000,20000.0,1458,3127,0.520819453697535,0.46626159258074834,1520,335,16318,990730,1014777
200071,bounded,71,6.0,15.0,1.08,0.85,0.001,1000,24,200,82,500,24.0,True,2952.0,20000,20000.0,1319,3143,0.5234843437708194,0.419662742602609,1354,282,17575,1222188,1242009
200066,bounded,66,6.0,15.0,1.08,0.85,0.001,1000,12,200,63,500,24.0,True,1752.0,20000,20000.0,1718,3113,0.5184876748834111,0.5518792161901702,1757,228,17873,1570204,1588412
200081,bounded,81,6.0,15.0,1.08,0.85,0.001,1000,48,200,95,500,24.0,True,5544.0,20000,20000.0,31,3328,0.5542971352431713,0.009314903846153846,66,425,10631,588380,603159
200080,bounded,80,6.0,15.0,1.08,0.85,0.001,1000,24,200,82,500,24.0,True,2952.0,20000,20000.0,153,3251,0.5414723517654897,0.047062442325438325,223,397,14848,749220,766383
200084,bounded,84,6.0,15.0,1.08,0.85,0.001,1000,48,200,72,500,24.0,True,4416.0,20000,20000.0,37,3275,0.5454696868754164,0.011297709923664122,141,400,13991,657981,674368
200073,bounded,73,6.0,15.0,1.08,0.85,0.001,1000,24,200,95,500,24.0,True,3264.0,20000,20000.0,14,3333,0.5551299133910726,0.0042004200420042,51,398,16569,781920,801532
200085,bounded,85,6.0,15.0,1.08,0.85,0.001,1000,12,200,81,500,24.0,True,1968.0,20000,20000.0,138,3205,0.5338107928047968,0.043057722308892356,353,445,13287,662684,677538
200072,bounded,72,6.0,15.0,1.08,0.85,0.001,1000,12,200,115,500,24.0,True,2376.0,20000,20000.0,6,3314,0.5519653564290473,0.0018105009052504525,27,404,13616,686510,703324
200087,bounded,87,6.0,15.0,1.08,0.85,0.001,1000,12,200,165,500,24.0,True,2976.0,20000,20000.0,253,3320,0.5529646902065289,0.07620481927710844,287,373,17212,840874,864461
200079,bounded,79,6.0,15.0,1.08,0.85,0.001,1000,12,200,165,500,24.0,True,2976.0,20000,20000.0,1173,3148,0.5243171219187208,0.37261753494282085,1219,332,17552,958472,982034
200075,bounded,75,6.0,15.0,1.08,0.85,0.001,1000,24,200,87,500,24.0,True,3072.0,20000,20000.0,214,3243,0.5401399067288475,0.06598828245451742,302,390,17242,754405,774235
200082,bounded,82,6.0,15.0,1.08,0.85,0.001,1000,12,200,129,500,24.0,True,2544.0,20000,20000.0,1981,3058,0.5093271152564957,0.6478090255068673,2032,238,18523,1423065,1445647
200076,bounded,76,6.0,15.0,1.08,0.85,0.001,1000,24,200,123,500,24.0,True,3936.0,20000,20000.0,1532,3157,0.5258161225849434,0.4852708267342414,1589,362,17485,1023774,1046136
200074,bounded,74,6.0,15.0,1.08,0.85,0.001,1000,48,200,145,500,24.0,True,7944.0,20000,20000.0,1524,3145,0.52381745502998,0.4845786963434022,1567,363,16400,897027,920957
200078,bounded,78,6.0,15.0,1.08,0.85,0.001,1000,12,200,67,500,24.0,True,1800.0,20000,20000.0,959,3184,0.5303131245836109,0.3011934673366834,1035,334,17902,1145534,1164097
200077,bounded,77,6.0,15.0,1.08,0.85,0.001,1000,24,200,139,500,24.0,True,4320.0,20000,20000.0,225,3263,0.543471019320453,0.06895494943303708,413,360,17665,959131,982633
200083,bounded,83,6.0,15.0,1.08,0.85,0.001,1000,24,200,118,500,24.0,True,3816.0,20000,20000.0,1835,3070,0.511325782811459,0.5977198697068404,1875,257,18074,1310987,1333499
200086,bounded,86,6.0,15.0,1.08,0.85,0.001,1000,12,200,87,500,24.0,True,2040.0,20000,20000.0,3022,3030,0.5046635576282479,0.9973597359735974,2979,220,17384,1681633,1700596
200093,bounded,93,6.0,15.0,1.08,0.85,0.001,1000,24,200,56,500,24.0,True,2328.0,20000,20000.0,6,3343,0.5567954696868754,0.0017947950942267424,71,421,7876,548332,557006
200090,bounded,90,6.0,15.0,1.08,0.85,0.001,1000,12,200,101,500,24.0,True,2208.0,20000,20000.0,66,3271,0.5448034643570953,0.020177315805564047,126,429,11956,599750,614312
200091,bounded,91,6.0,15.0,1.08,0.85,0.001,1000,12,200,67,500,24.0,True,1800.0,20000,20000.0,105,3229,0.5378081279147235,0.032517807370703006,265,384,17307,786743,804641
200097,bounded,97,6.0,15.0,1.08,0.85,0.001,1000,12,200,229,500,24.0,True,3744.0,20000,20000.0,6,3231,0.5381412391738841,0.0018570102135561746,35,383,13525,699680,722687
200095,bounded,95,6.0,15.0,1.08,0.85,0.001,1000,48,200,88,500,24.0,True,5208.0,20000,20000.0,104,3267,0.5441372418387741,0.03183348637894092,172,384,16056,798919,818536
200099,bounded,99,6.0,15.0,1.08,0.85,0.001,1000,24,200,51,500,24.0,True,2208.0,20000,20000.0,789,3195,0.532145236508994,0.24694835680751173,868,380,17466,905628,923481
200089,bounded,89,6.0,15.0,1.08,0.85,0.001,1000,12,200,117,500,24.0,True,2400.0,20000,20000.0,49,3200,0.5329780146568954,0.0153125,227,305,16987,959651,979891
200096,bounded,96,6.0,15.0,1.08,0.85,0.001,1000,24,200,75,500,24.0,True,2784.0,20000,20000.0,3019,3019,0.5028314457028648,1.0,2983,226,15624,1578235,1595425
200088,bounded,88,6.0,15.0,1.08,0.85,0.001,1000,24,200,93,500,24.0,True,3216.0,20000,20000.0,143,3227,0.537475016655563,0.04431360396653238,354,391,17653,886457,906990
200098,bounded,98,6.0,15.0,1.08,0.85,0.001,1000,24,200,165,500,24.0,True,4944.0,20000,20000.0,621,3204,0.5336442371752165,0.19382022471910113,677,390,16470,941823,965553
200094,bounded,94,6.0,15.0,1.08,0.85,0.001,1000,48,200,46,500,24.0,True,3168.0,20000,20000.0,181,3252,0.5416389073950699,0.05565805658056581,231,331,16842,874510,891896
200092,bounded,92,6.0,15.0,1.08,0.85,0.001,1000,24,200,118,500,24.0,True,3816.0,20000,20000.0,544,3211,0.5348101265822784,0.16941762690750545,623,353,17914,848305,870873
